2	Betafy	https://betafy.co
3	CrunchBase	https://www.crunchbase.com
4	EarlyTools	https://earlytools.com
5	Future Tools	https://www.futuretools.io
6	LaunchBase	https://launchbase.app
7	Nextpedia	https://nextpedia.io
8	PitchGround	https://pitchground.com
9	SaaSHub	https://www.saashub.com
10	SaaSList	https://saaslist.co
11	SideProjectors	https://www.sideprojectors.com
12	StackShare	https://stackshare.io
13	Startup Resources	https://startupresources.io
14	StartupBase	https://startupbase.io
15	ToolBoard	https://toolboard.io
16	AI Cyclopedia	https://www.aicyclopedia.com
17	AI Database	https://www.ai-database.org
18	AI Scout	https://aiscout.net
19	AI Tool Directory	https://aitooldirectory.com
20	AI Valley	https://aivalley.ai
21	All Things AI	https://allthings-ai.com
22	AlternativeTo	https://alternativeto.net
23	AngelList / Wellfound	https://wellfound.com
24	App Stacks	https://appstacks.club
25	AppSumo (if eligible later)	https://appsumo.com
26	BetaList	https://betalist.com
27	Capterra (if SaaS mature)	https://www.capterra.com
28	CtrlAltCC	https://ctrlalt.cc
29	Dang AI	https://dang.ai
30	Dev Hunt	https://devhunt.org
31	DevPages	https://devpages.io
32	Futurepedia (if AI startup)	https://www.futurepedia.io
33	G2 (later stage)	https://www.g2.com
34	GitHub (awesome lists)	https://github.com
35	GrowthList	https://www.thegrowthlist.co
36	Hacker News (Show HN)	https://news.ycombinator.com/show
37	Indie Hackers	https://www.indiehackers.com
38	Indie Page	https://indiepa.ge
39	Launch Dir	https://www.launchdir.com
40	Launch Space	https://launchspace.io
41	Launching Next	https://www.launchingnext.com
42	Launching.io	https://www.launching.io
43	Makerlog (Projects section)	https://getmakerlog.com
44	Makerpad Directory	https://www.makerpad.co
45	MicroLaunch	https://microlaunch.net
46	No Code List	https://nocodelist.co
47	PitchWall	https://pitchwall.co
48	Product Hunt	https://www.producthunt.com
49	SaaS AI Tools	https://saasaitools.com
50	SaaS Discovery	https://saasdiscovery.com
51	SaaS Genius	https://saas-genius.com
52	SaaS Worthy	https://www.saasworthy.com
53	Side Project Ideas	https://sideprojectideas.com
54	Startup Buffer	https://startupbuffer.com
55	Startup Collections	https://startupcollections.com
56	Startup Fame	https://startupfa.me
57	Startup Inspire	https://www.startupinspire.com
58	Startup Stash	https://startupstash.com
59	Tiny Alternatives	https://tinyalternatives.com
60	Tiny Startups	https://www.tinystartups.com
61	Toolify	https://www.toolify.ai
62	TopAI.tools	https://topai.tools
63	Trustpilot (for credibility)	https://www.trustpilot.com
64	Uneed	https://www.uneed.best
65	Acid Tools	https://acidtools.com
66	Active Search Results	https://www.activesearchresults.com
67	Addon Biz	https://www.addonbiz.com
68	AI Tech Viral	https://aitechviral.com
69	AI Toolz	https://aitoolzs.com
70	AI X Collection	https://aixcollection.com
71	AIFindr	https://aifindr.com
72	AIGC 160	https://aigc160.com
73	Alternative Tools	https://alternativetools.io
74	AppaList	https://appalist.com
75	AppLaunchpad	https://applaunchpad.io
76	Appsy Tools	https://appsytools.com
77	AppVault	https://appvault.io
78	Ash List	https://ashlist.com
79	Beam Tools	https://beamtools.com
80	Ben's Bites	https://news.bensbites.com
81	Best Tool Vault	https://besttoolvault.com
82	BestofAI	https://bestofai.com
83	Bowora	https://bowora.com
84	Brownbook	https://www.brownbook.net
85	BuildLog	https://buildlog.to
86	BuiltByMe	https://builtbyme.io
87	BuiltWithTools	https://builtwithtools.com
88	BusinessHunt	https://businesshunt.co
89	Callupcontact	https://www.callupcontact.com
90	CurateClick	https://curateclick.com
91	DailyLaunch	https://dailylaunch.io
92	DeepLaunch.io	https://deeplaunch.io
93	DevHub	https://devhub.best
94	DevLaunch	https://devlaunch.io
95	DR Checker	https://drchecker.org
96	FF2050.AI	https://ff2050.com
97	Firsto	https://firsto.co
98	Foundr Tools	https://foundr.tools
99	FreshStartups	https://freshstartups.io
100	GetWorm	https://getworm.com
101	Good AI Tools	https://goodaitools.com
102	Hunt for Tools	https://huntfortools.com
103	Idea Kiln	https://ideakiln.com
104	IndieFounder	https://indiefounder.co
105	IndieLaunch	https://indielaunch.co
106	IndieMade	https://indiemade.co
107	IndiePages	https://indiepages.com
108	IndieStack	https://indiestack.co
109	Indietool	https://www.indietool.io
110	IndieTools	https://indietools.app
111	kj123.cn	https://www.kj123.cn
112	Latest AI Updates	https://latestaiupdates.com
113	Launch	https://trylaunch.ai
114	Launch List	https://www.launch-list.org
115	Launch Scroll	https://launchscroll.com
116	Launch Vault	https://www.launchvault.dev
117	LaunchDay	https://launchday.app
118	LauncherList	https://launcherlist.com
119	Launching Now	https://launchingnow.co
120	LaunchitX	https://launchitx.com
121	Launchpad.so	https://launchpad.so
122	LaunchPool	https://launchpool.co
123	LaunchStarter	https://launchstarter.io
124	LaunchTab	https://launchtab.com
125	LaunchWeekly	https://launchweekly.com
126	LaunchZone	https://launchzone.io
127	ListYourProduct	https://listyourproduct.com
128	Make.rs	https://make.rs
129	Maker Directory	https://makerdirectory.io
130	MakerBoard	https://makerboard.co
131	Makerlist.io	https://makerlist.io
132	MedSci AI	https://aisite.medsci.cn
133	My Launch Stash	https://mylaunchstash.com
134	My Start Tools	https://mystarttools.com
135	NavFolders	https://navfolders.com
136	Navs Site	https://navs.site
137	New Startups	https://newstartups.io
138	NewTools	https://newtools.co
139	NextGen Tools	https://www.nxgntools.com
140	Open Launch	https://openlaunch.ai
141	OpenHunts	https://openhunts.com
142	PeerPush	https://peerpush.net
143	PitchWalker	https://pitchwalker.com
144	Power Up Tools	https://poweruptools.com
145	Product Launch Dir	https://productlaunchdir.com
146	Product List Dir	https://productlistdir.com
147	Product Wing	https://productwing.com
148	ProductBurst	https://productburst.com
149	ProductCatalog	https://productcatalog.io
150	ProductDir	https://productdir.com
151	ProductFeed	https://productfeed.co
152	ProductHero	https://producthero.co
153	ProductPages	https://productpages.co
154	ProductsUp	https://productsup.co
155	ProjectHunt	https://projecthunt.me
156	Promote Project	https://www.promoteproject.com
157	Ramen.Tools	https://ramen.tools
158	SaaS Arena	https://saasarena.com
159	SaaS Browser	https://saasbrowser.com
160	SaaS Explorer	https://saasexplorer.co
161	Saas Field	https://saasfield.com
162	SaaS Hub Directory	https://saashubdirectory.com
163	SaaS Hunter	https://saashunter.co
164	SaaS Launch	https://saaslaunch.io
165	SaaS Launch List	https://saaslaunchlist.com
166	SaaS Pages	https://saaspages.xyz
167	SaaS Roots	https://saasroots.com
168	SaaS Tools Dir	https://saastoolsdir.com
169	SaaS Wheel	https://saaswheel.com
170	SaaSBoard	https://saasboard.co
171	SaaSDir	https://saasdir.com
172	SaaSFrame	https://saasframe.io
173	SaasHunt	https://saashunt.best
174	SaaSNova	https://saasnova.co
175	Saaspa.ge	https://www.saaspa.ge
176	SaaSPick	https://saaspick.com
177	SaaSpo	https://saaspo.com
178	SaaSRegister	https://saasregister.co
179	Scout Forge	https://scoutforge.net
180	See What New AI	https://www.seewhatnewai.com
181	Shipybara	https://shipybara.com
182	ShowMySites	https://www.showmysites.com
183	Side Hustle Stack	https://sidehustlestack.co
184	Sitelike.org	https://www.sitelike.org
185	Smart Kit Hub	https://smartkithub.com
186	Software Bolt	https://softwarebolt.com
187	SoftwareList	https://softwarelist.io
188	Solver Tools	https://solvertools.com
189	Source Dir	https://sourcedir.com
190	Stack Directory	https://stackdirectory.com
191	Startup AIdeas	https://startupaideas.com
192	Startup Benchmarks	https://startupbenchmarks.com
193	Startup Index	https://startupindex.co
194	Startup Vessel	https://startupvessel.com
195	StartupDex	https://startupdex.com
196	StartupForge	https://startupforge.io
197	StartupGlobe	https://startupglobe.co
198	StartupHive	https://startuphive.co
199	StartupLift	https://startuplift.com
200	StartupLister	https://startuplister.com
201	StartupNow	https://startupnow.co
202	Startups Lab	https://startupslab.site
203	StartupShelf	https://startupshelf.co
204	StartupTrack	https://startuptrack.io
205	StartupVault	https://startupvault.co
206	StartupWave	https://startupwave.co
207	Super AI Boom	https://superaiboom.com
208	TechPluto	https://techpluto.com
209	That App Show	https://thatappshow.com
210	The App Tools	https://theapptools.com
211	The Core Tools	https://thecoretools.com
212	The Key Tools	https://thekeytools.com
213	The Mega Tools	https://themegatools.com
214	The Startup Pitch	https://thestartuppitch.com
215	Tiny Tool Hub	https://tinytoolhub.com
216	TinyLaunch	https://www.tinylaunch.com
217	TinyLaunchpad	https://tinylaunchpad.com
218	Tool Finddir	https://toolfinddir.com
219	Tool Journey	https://tooljourney.com
220	Tool Prism	https://toolprism.com
221	Tool Signal	https://toolsignal.com
222	ToolDB	https://tooldb.dev
223	toolfio.com	https://toolfio.com
224	Toolfolio	https://toolfolio.io
225	ToolHive	https://toolhive.io
226	ToolIndex	https://toolindex.co
227	ToolRadar	https://toolradar.io
228	Tools Cosmos	https://toolcosmos.com
229	Tools For Makers	https://toolsformakers.com
230	Tools List HQ	https://toolslisthq.com
231	Tools Under Radar	https://toolsunderradar.com
232	ToolScout	https://toolscout.app
233	Toolspedia	https://toolspedia.io
234	Top Trend Tools	https://toptrendtools.com
235	Toshi List	https://toshilist.com
236	Trustiner	https://trustiner.com
237	Unite List	https://unitelist.com
238	Verified Tools	https://www.verifiedtools.info
239	VerifiedDR	https://verifieddr.com
240	Viesearch	https://viesearch.com
241	We Like Tools	https://weliketools.com
242	WebWiki	https://webwiki.com
243	What Launched Today	https://whatlaunched.today
244	TrustMRR	https://trustmrr.com/startup/startup-directory
245	Fazier	https://fazier.com
246	Peerlist	https://peerlist.io
247	AIxploria	https://www.aixploria.com
248	LaunchIgniter	https://launchigniter.com
249	FoundrList	https://www.foundrlist.com
250	Software Advice	https://www.softwareadvice.com
251	Appscribed	https://appscribed.com/product-list/