13	Twitter.com	https://x.com/fbmaimeagent
14	pinterest.com	https://www.pinterest.com/footballmaimeagent/
15	twitch.tv	https://www.twitch.tv/footballmaimeagent
16	youtube.com	https://www.youtube.com/@footballmaimeagent
17	reddit.com	https://www.reddit.com/user/footballmaimeagent/
18	500px.com	https://500px.com/p/footballmaimeagent
19	about.me	https://about.me/footballmaimeagent
20	vimeo.com	https://vimeo.com/footballmaimeagent
21	gravatar.com	https://gravatar.com/footballmaimeagent
22	myspace.com	https://myspace.com/footballmaimeagent
23	instapaper.com	https://www.instapaper.com/p/fbmaimeagent
24	medium.com	https://medium.com/@footballmaimeagent
25	Substance3d.Adobe.Com	https://substance3d.adobe.com/community-assets/profile/org.adobe.user:079881196A82CB880A495C83@AdobeID
26	Webflow.Io	https://footballmaimeagent.webflow.io/
27	Bit.Ly	https://bit.ly/m/footballmaimeagent
28	Issuu.Com	https://issuu.com/footballmaimeagent
29	B.Hatena.Ne.Jp	https://b.hatena.ne.jp/footballmaimeagent/bookmark
30	Disqus.Com	https://disqus.com/by/footballmaimeagent/about/
31	Form.Jotform.Com	https://form.jotform.com/262281965536062
32	Community.Cisco.Com	https://community.cisco.com/t5/user/viewprofilepage/user-id/2102403
33	Nicovideo.Jp	https://www.nicovideo.jp/user/145158030
34	Qna.Habr.Com	https://qna.habr.com/user/footballmaimeagent
35	profile.ameba.jp	https://www.ameba.jp/profile/general/footballmaimeagent/
36	Mixcloud.Com	https://www.mixcloud.com/footballmaimeagent/
37	Gumroad.Com	https://footballmaimeagent.gumroad.com/
38	Tabelog.Com	https://tabelog.com/rvwr/035094785/prof/
39	Ameba.Jp	https://ameblo.jp/footballmaimeagent/entry-12976019066.html
40	Yumpu.Com	https://www.yumpu.com/user/footballmaimeagent
41	Deviantart.Com	https://www.deviantart.com/footballmaimeagent
42	Bsky.App	https://bsky.app/profile/fbmaimeagent.bsky.social
43	Hub.Docker.Com	https://hub.docker.com/u/footballmaimeagent
44	Sketchfab.Com	https://sketchfab.com/fbmaimeagent
45	Public.Tableau.Com	https://public.tableau.com/app/profile/footballmaimeagent.com/viz/Footballmaimeagent_com/Feuille1
46	comicvine.gamespot.com	https://comicvine.gamespot.com/profile/fbmaimeagent/
47	Myanimelist.Net	https://myanimelist.net/profile/fbmaimeagent
48	Godaddysites.Com	https://site-42eydj213.godaddysites.com/
49	intensedebate.com	https://www.intensedebate.com/profiles/footballmaimeagent
50	S.Id	https://s.id/footballmaimeagent
51	Tawk.To	https://tawk.to/footballmaimeagent
52	Vc.Ru	https://vc.ru/id6080863
53	gitbook.io	https://footballmaimeagent.gitbook.io/footballmaimeagent-docs/
54	telegra.ph	https://telegra.ph/Footballmaimeagentcom-08-18
55	pbase.com	https://pbase.com/footballmaimeagent
56	Website.Informer.Com	https://website.informer.com/footballmaimeagent.com
57	Tistory.Com	https://footballmaimeagent.tistory.com/1
58	Beacons.Ai	https://beacons.ai/footballmaimeagent
59	3dwarehouse.Sketchup.Com	https://3dwarehouse.sketchup.com/by/footballmaimeagent
60	Pxhere.Com	https://pxhere.com/en/photographer-me/5107398
61	Bitchute.Com	https://www.bitchute.com/channel/fSchfr6WBEto
62	coub.com	https://coub.com/avery-rhodes
63	Tumblr.Com	https://www.tumblr.com/footballmaimeagent
64	Heylink.Me	https://heylink.me/footballmaimeagent/
65	Muckrack.Com	https://muckrack.com/footballmaimeagent-com/bio
66	Symbaloo.Com	https://www.symbaloo.com/shared/AAAABxKMwqQAA42AShdBag==
67	Devpost.Com	https://devpost.com/footballmaimeagent
68	Bio.Site	https://bio.site/footballmaimeagent
69	Audiomack.Com	https://audiomack.com/footballmaimeagent
70	App.Readthedocs.Org	https://app.readthedocs.org/profiles/footballmaimeagent/
71	Gta5-Mods.Com	https://www.gta5-mods.com/users/footballmaimeagent
72	Magcloud.Com	https://www.magcloud.com/user/footballmaimeagent
73	Mez.Ink	https://mez.ink/footballmaimeagent
74	Lynk.Id	https://lynk.id/footballmaimeagent
75	Weddingbee.Com	https://www.weddingbee.com/members/footballmaimeagent/
76	Elephantjournal.Com	https://www.elephantjournal.com/profile/footballmaimeagent/
77	stes.tyc.edu.tw	http://www.stes.tyc.edu.tw/xoops/modules/profile/userinfo.php?uid=4031899
78	Sites.Google.Com	https://sites.google.com/view/footballmaimeagent/
79	Wordpress.Com	https://footballmaimeagent.wordpress.com/
80	Mystrikingly.Com	https://footballmaimeagent.mystrikingly.com/
81	Mypixieset.Com	https://footballmaimeagent.mypixieset.com/
82	profile.hatena.ne.jp	https://profile.hatena.ne.jp/footballmaimeagent/profile
83	site123.me	https://6a83f9564d481.site123.me/
84	community.cloudera.com	https://community.cloudera.com/t5/user/viewprofilepage/user-id/169113
85	Allmylinks.Com	https://allmylinks.com/footballmaimeagent
86	Gifyu.Com	https://gifyu.com/fbmaimeagent
87	Profiles.Xero.Com	https://profiles.xero.com/people/footballmaimeagent
88	Walkscore.Com	https://www.walkscore.com/people/224924043016/footballmaimeagent-com
89	Wallhaven.Cc	https://wallhaven.cc/user/fbmaimeagent
90	Speedrun.Com	https://www.speedrun.com/users/footballmaimeagent
91	Warriorforum.Com	https://www.warriorforum.com/members/footballmaimeagent.html
92	Joy.Link	https://joy.link/footballmaimeagent
93	Users.Atw.Hu	http://users.atw.hu/nlw/profile.php?mode=viewprofile&u=38581
94	Giveawayoftheday.Com	https://www.giveawayoftheday.com/forums/profile/2074905
95	pozible.com	https://www.pozible.com/profile/footballmaimeagentcom
96	Stocktwits.Com	https://stocktwits.com/footballmaimeagent
97	amebaownd.com	https://footballmaimeagent.amebaownd.com/
98	Myminifactory.Com	https://www.myminifactory.com/users/footballmaimeagent
99	Potofu.Me	https://potofu.me/footballmaimeagent
100	Pinshape.Com	https://pinshape.com/users/9040861-footballmaimeagent
101	Allmy.Bio	https://allmy.bio/footballmaimeagent
102	skypixel.com	https://www.skypixel.com/users/djiuser-5kgx4koihm5m
103	Talkshoe.Com	https://app.talkshoe.com/user/footballmaimeagent
104	biolinky.co	https://biolinky.co/footballmaimeagent
105	digiphoto.techbang.com	https://digiphoto.techbang.com/users/footballmaimeagent
106	Anyflip.Com	https://anyflip.com/homepage/lkoco#About
107	Lit.Link	https://lit.link/en/footballmaimeagent
108	Leetcode.Com	https://leetcode.com/u/footballmaimeagent/
109	Experiment.Com	https://experiment.com/users/footballmaimeagent
110	Booklog.Jp	https://booklog.jp/users/fbmaimeagent/profile
111	Renderosity.Com	https://www.renderosity.com/users/id:1892528
112	Beamng.Com	https://www.beamng.com/members/footballmaimeagent-com.823657/
113	able2know.org	https://able2know.org/user/footballmaimeagent/
114	pastelink.net	https://pastelink.net/fbmaimeagent
115	commu.nosv.org	https://commu.nosv.org/p/fbmaimeagent
116	Printables.Com	https://www.printables.com/@footballmaim_5262962
117	Spigotmc.Org	https://www.spigotmc.org/members/fbmaimeagent.2595226/
118	learningapps.org	https://learningapps.org/watch?v=pzyb1j7ya26
119	zzb.bz	https://zzb.bz/fbmaimeagent
120	Gitee.Com	https://gitee.com/footballmaimeagent
121	Mountainproject.Com	https://www.mountainproject.com/user/203661004/footballmaimeagent-com
122	Theyeshivaworld.Com	https://www.theyeshivaworld.com/coffeeroom/users/footballmaimeagent
123	En.Islcollective.Com	https://en.islcollective.com/portfolio/12993208
124	Medibang.Com	https://medibang.com/author/28960328/
125	brownbook.net	https://www.brownbook.net/business/55419745/footballmaimeagentcom
126	Kick.Com	https://kick.com/footballmaimeagent/about
127	Gettr.Com	https://gettr.com/user/footballmaimeagent
128	forum.epicbrowser.com	https://forum.epicbrowser.com/profile.php?section=personal&id=178818
129	participa.aytojaen.es	https://participa.aytojaen.es/profiles/footballmaimeagent/activity
130	Skool.Com	https://www.skool.com/@footballmaimeagent-com-3304
131	Bahamaslocal.Com	https://www.bahamaslocal.com/userprofile/1/316130/footballmaimeagent.html
132	Codeberg.Org	https://codeberg.org/footballmaimeagent
133	Chordie.Com	https://www.chordie.com/forum/profile.php?id=2631349
134	Rapidapi.Com	https://rapidapi.com/user/footballmaimeagent
135	Stackshare.Io	https://stackshare.io/avery.rhodes187295/footballmaimeagent-com
136	Royalroad.Com	https://www.royalroad.com/profile/1051219
137	Adpost.Com	https://www.adpost.com/u/footballmaimeagent/
138	Proko.Com	https://www.proko.com/@footballmaimeagent/activity
139	Inkbunny.Net	https://inkbunny.net/footballmaimeagent
140	lifeinsys.com	https://lifeinsys.com/user/footballmaimeagent
141	Storeinfo.Jp	https://footballmaimeagent.storeinfo.jp/
142	Openrec.Tv	https://www.mellow-fan.com/user/footballmaimeagent/about
143	sfx.thelazy.net	https://sfx.thelazy.net/users/u/footballmaimeagent/
144	Makerworld.Com	https://makerworld.com/fr/@fbmaimeagent
145	Fontstruct.Com	https://fontstruct.com/fontstructions/show/2934682/footballmaimeagent-com
146	Searchengines.Guru	https://searchengines.guru/ru/users/2250402
147	Spacedesk.Net	https://www.spacedesk.net/support-forum/profile/footballmaimeagent/
148	activepages.com.au	https://activepages.com.au/profile/footballmaimeagent
149	Portfolium.Com	https://portfolium.com/footballmaimeagent
150	Halaltrip.Com	https://www.halaltrip.com/user/profile/381878/fbmaimeagent/
151	Backloggery.Com	https://backloggery.com/fbmaimeagent
152	beteiligung.hafencity.com	https://beteiligung.hafencity.com/profile/footballmaimeagent/
153	malt-orden.info	https://malt-orden.info/userinfo.php?uid=474680
154	Aicrowd.Com	https://www.aicrowd.com/participants/fbmaimeagent
155	Freeimage.Host	https://freeimage.host/fbmaimeagent
156	newdigital-world.com	http://newdigital-world.com/members/footballmaimeagent.html
157	Velog.Io	https://velog.io/@fbmaimeagent/about
158	fanart-central.net	https://www.fanart-central.net/user/footballmaimeagent/profile
159	Hub.Vroid.Com	https://hub.vroid.com/en/users/128711598
160	Freelance.Ru	https://freelance.ru/footballmaimeagent
161	abclinuxu.cz	https://www.abclinuxu.cz/lide/fbmaimeagent
162	topsitenet.com	https://topsitenet.com/profile/fbmaimeagent/2323520/
163	Askmap.Net	http://www.askmap.net/location/7897404/th%C3%A1i-lan/footballmaimeagent.co
164	Failiem.Lv	https://failiem.lv/footballmaimeagent/info
165	Blender.Community	https://blender.community/footballmaimeagentcom/
166	Edna.Cz	https://www.edna.cz/uzivatele/footballmaimeagent/
167	Japaaan.Com	https://www.japaaan.com/user/117126
168	iszene.com	https://iszene.com/user-369598.html
169	estar.jp	https://estar.jp/users/2099089487
170	video-bookmark.com	https://www.video-bookmark.com/bookmark/7212838/footballmaimeagent-com/
171	Routinehub.Co	https://routinehub.co/user/footballmaimeagent
172	Backloggd.Com	https://backloggd.com/u/fbmaimeagent/
173	Scener.Com	https://www.scener.com/@fbmaimeagent
174	Feyenoord.Supporters.Nl	https://feyenoord.supporters.nl/profiel/172627/footballmaimeagent
175	Onlinesequencer.Net	https://onlinesequencer.net/members/303258
176	profile.sampo.ru	https://profile.sampo.ru/footballmaimeagent
177	confengine.com	https://confengine.com/user/footballmaimeagent
178	Maxforlive.Com	https://maxforlive.com/profile/user/footballmaimeagent?tab=about
179	Novel.Daysneo.Com	https://novel.daysneo.com/author/fbmaimeagent/
180	Apptuts.Bio	https://apptuts.bio/footballmaimeage-289871
181	Dibiz.Com	https://www.dibiz.com/averyrhodes187295
182	luvly.co	https://luvly.co/users/footballmaimeagent
183	myget.org	https://www.myget.org/users/footballmaimeagent
184	noti.st	https://noti.st/footballmaimeagent
185	Blockdit.Com	https://www.blockdit.com/footballmaimeagent
186	Stck.Me	https://footballmaimeagent.stck.me/profile
187	Transfur.Com	https://www.transfur.com/Users/footballmaimeagent
188	Beatsaver.Com	https://beatsaver.com/playlists/1252407
189	wibki.com	https://wibki.com/footballmaimeagent
190	Devfolio.Co	https://devfolio.co/@footballmaimeag/readme-md
191	Bloggportalen.Se	https://www.bloggportalen.se/BlogPortal/view/BlogDetails?id=328725
192	France-Ioi.Org	https://www.france-ioi.org/user/perso.php?sLogin=footballmaimeagent
193	genina.com	http://www.genina.com/user/editDone/5541528.page
194	tudomuaban.com	https://tudomuaban.com/chi-tiet-rao-vat/3001840/footballmaimeagent.com.html
195	swap-bot.com	https://www.swap-bot.com/user:footballmaimeagent
196	givey.com	https://www.givey.com/footballmaimeagent
197	My.Bio	https://my.bio/footballmaimeagent
198	Tooter.In	https://tooter.in/footballmaimeagent
199	notebook.ai	https://www.notebook.ai/@footballmaimeagent
200	illust.daysneo.com	https://illust.daysneo.com/illustrator/fbmaimeagent/
201	biblesupport.com	http://www.biblesupport.com/user/882936-footballmaimeagent/
202	shippingexplorer.net	https://www.shippingexplorer.net/en/user/footballmaimeagent/331060
203	Ofuse.Me	https://ofuse.me/footballmaimeagent
204	Ganjingworld.Com	https://www.ganjingworld.com/@footballmaimeagent
205	Grepmed.Com	https://www.grepmed.com/footballmaimeagent
206	Viblo.Asia	https://viblo.asia/u/footballmaimeagent/contact
207	Cv.Viblo.Asia	https://cv.viblo.asia/preview-cv/e6c595c6-cbe4-4a14-b232-c6b670ccc390
208	Espritgames.Com	https://espritgames.com/members/52418412/
209	Matkafasi.Com	https://matkafasi.com/user/footballmaimeagent
210	Cofacts.Tw	https://cofacts.tw/user/footballmaimeagent
211	Adslgr.Com	https://www.adslgr.com/forum/members/226294-footballmaimeagent
212	freestyler.ws	http://freestyler.ws/user/690551/footballmaimeagent
213	tealfeed.com	https://tealfeed.com/footballmaimeagent
214	bandori.party	https://bandori.party/user/1562283/footballmaimeagent/
215	ja.cofacts.tw	https://ja.cofacts.tw/user/footballmaimeagent
216	linqto.me	https://www.linqto.me/about/footballmaimeagent
217	Runtrip.Jp	https://runtrip.jp/users/828539
218	linkmix.co	https://linkmix.co/58719908
219	Freeicons.Io	https://freeicons.io/profile/971255
220	beteiligung.stadtlindau.de	https://beteiligung.stadtlindau.de/profile/footballmaimeagent/
221	safechat.com	https://safechat.com/u/footballmaimeagent.com
222	doselect.com	https://doselect.com/@a572b6b52d3ae16b422d299b5