Source Row,Name,URL,Access Status,Access Method,HTTP,Final URL,Page Title,Submit Status,Submit URL,Submit HTTP,Submit Final URL,Auth Required,Needs VPN,Notes,Verified At
2,Betafy,https://betafy.co,UNREACHABLE,DIRECT,0,https://betafy.co,,UNKNOWN,,0,,,Yes,URLError: <urlopen error timed out>; No verified public submit entry found,2026-08-23 12:56 UTC
3,CrunchBase,https://www.crunchbase.com,OK,DIRECT,200,https://www.crunchbase.com,Crunchbase | Private Company Data & Predictive Intelligence,BLOCKED,https://www.crunchbase.com/submit,403,https://www.crunchbase.com/submit,,Yes,,2026-08-23 12:56 UTC
4,EarlyTools,https://earlytools.com,OK,DIRECT,200,https://earlytools.com,,UNKNOWN,,0,,,,No verified public submit entry found,2026-08-23 12:56 UTC
5,Future Tools,https://www.futuretools.io,OK,DIRECT,200,https://futuretools.io/,Future Tools - The Pulse of AI,OPEN,https://futuretools.io/submit-a-tool,200,https://futuretools.io/submit-a-tool,,,,2026-08-23 12:56 UTC
6,LaunchBase,https://launchbase.app,SERVER_ERROR,DIRECT,500,https://launchbase.app,500 Server Error,SERVER_ERROR,https://launchbase.app/submit,500,https://launchbase.app/submit,,,HTTP 500,2026-08-23 12:56 UTC
7,Nextpedia,https://nextpedia.io,OK,DIRECT,200,https://nextpedia.io,NextPedia - The Best & Largest AI Tools Directory,OPEN,https://nextpedia.io/submit-tool,200,https://nextpedia.io/submit-tool/,,,,2026-08-23 12:56 UTC
8,PitchGround,https://pitchground.com,OK,DIRECT,200,https://seoengine.ai/,,STALE,https://seoengine.ai/submit,404,https://seoengine.ai/submit,,,,2026-08-23 12:56 UTC
9,SaaSHub,https://www.saashub.com,OK,DIRECT,200,https://www.saashub.com,"SaaSHub - Software Alternatives, Accelerators & Startups",OPEN,https://www.saashub.com/services/submit,200,https://www.saashub.com/services/submit,,,,2026-08-23 12:56 UTC
10,SaaSList,https://saaslist.co,UNREACHABLE,DIRECT,0,https://saaslist.co,,UNKNOWN,,0,,,Yes,URLError: <urlopen error [Errno -2] Name or service not known>; No verified public submit entry found,2026-08-23 12:56 UTC
11,SideProjectors,https://www.sideprojectors.com,OK,DIRECT,200,https://www.sideprojectors.com,"Sell, buy, show off your side projects - SideProjectors | Marketplace to buy and sell side projects.",STALE,https://www.sideprojectors.com/submit,200,https://www.sideprojectors.com/submit,,,,2026-08-23 12:56 UTC
12,StackShare,https://stackshare.io,BLOCKED,CLOAK_FAILED,429,https://stackshare.io/,Vercel Security Checkpoint,BLOCKED,https://stackshare.io/submit,429,https://stackshare.io/submit,,Yes,HTTP 429,2026-08-23 12:56 UTC
13,Startup Resources,https://startupresources.io,OK,DIRECT,202,https://startupresources.io,,UNKNOWN,,0,,,,No verified public submit entry found,2026-08-23 12:56 UTC
14,StartupBase,https://startupbase.io,OK,DIRECT,200,https://startupbase.io,StartupBase - Launch and discover new products every day,OPEN,https://startupbase.io/launch,200,https://startupbase.io/launch,,,,2026-08-23 12:56 UTC
15,ToolBoard,https://toolboard.io,SERVER_ERROR,DIRECT,500,https://toolboardcanvas.com/,WordPress › Error,SERVER_ERROR,https://toolboardcanvas.com/submit,500,https://toolboardcanvas.com/submit,,,HTTP 500,2026-08-23 12:56 UTC
16,AI Cyclopedia,https://www.aicyclopedia.com,OK,DIRECT,200,https://aicyclopedia.com/,"Home - AICYCLOPEDIA | The latest AI News, Tools, & Learning",BLOCKED,https://aicyclopedia.com/submit-your-ai-tool/,403,https://aicyclopedia.com/submit-your-ai-tool/,,Yes,,2026-08-23 12:56 UTC
17,AI Database,https://www.ai-database.org,OK,DIRECT,200,https://ai-database.org/,AI Database | Find The Best AI Tools & Software,STALE,https://ai-database.org/submit,404,https://ai-database.org/submit,,,,2026-08-23 12:56 UTC
18,AI Scout,https://aiscout.net,SERVER_ERROR,DIRECT,520,https://aiscout.net,ERROR 520,UNKNOWN,,0,,,,HTTP 520; No verified public submit entry found,2026-08-23 12:56 UTC
19,AI Tool Directory,https://aitooldirectory.com,OK,DIRECT,200,https://aitooldirectory.com,Best AI Tools Directory & AI Tools List - AI Tools Directory,AUTH_REQUIRED,https://aitooldirectory.com/login?redirect=/submit,200,https://aitooldirectory.com/login?redirect=/submit,Yes,,,2026-08-23 12:56 UTC
20,AI Valley,https://aivalley.ai,OK,DIRECT,200,https://aivalley.ai,AI Valley | Discover The Newest AI Tools And Prompts For Any Use In Seconds,OPEN,https://aivalley.ai/submit,200,https://aivalley.ai/submit-prompts/,,,,2026-08-23 12:56 UTC
21,All Things AI,https://allthings-ai.com,OK,DIRECT,200,https://allthings-ai.com,AI Tools Directory,STALE,https://allthings-ai.com/submit,404,https://allthings-ai.com/submit,,,,2026-08-23 12:56 UTC
22,AlternativeTo,https://alternativeto.net,OK,DIRECT,200,https://alternativeto.net,AlternativeTo - Crowdsourced software recommendations | AlternativeTo,STALE,https://alternativeto.net/submit,404,https://alternativeto.net/submit/,,,,2026-08-23 12:56 UTC
23,AngelList / Wellfound,https://wellfound.com,OK,DIRECT,200,https://wellfound.com,Startup Jobs & AI Recruiting Platform | Wellfound,BLOCKED,https://wellfound.com/submit,403,https://wellfound.com/company/submit,,Yes,,2026-08-23 12:56 UTC
24,App Stacks,https://appstacks.club,OK,DIRECT,200,https://appstacks.club,Discover stories and stacks behind your favorite apps,STALE,https://appstacks.club/submit,404,https://appstacks.club/submit,,,,2026-08-23 12:56 UTC
25,AppSumo (if eligible later),https://appsumo.com,OK,DIRECT,200,https://appsumo.com,AppSumo - Discover products. Stay weird. | AppSumo,OPEN,https://sell.appsumo.com/,200,https://sell.appsumo.com/,,,,2026-08-23 12:56 UTC
26,BetaList,https://betalist.com,OK,DIRECT,200,https://betalist.com,Discover and get early access to tomorrow's startups | BetaList,OPEN,https://betalist.com/submit,200,https://betalist.com/sign_in,,,,2026-08-23 12:56 UTC
27,Capterra (if SaaS mature),https://www.capterra.com,OK,VPN+CLOAK,200,https://www.capterra.com,Capterra: Find The Right Software,BLOCKED,https://www.capterra.com/submit,403,https://www.capterra.com/submit,,Yes,Verified via VPN+CLOAK TH,2026-08-23 12:56 UTC
28,CtrlAltCC,https://ctrlalt.cc,OK,DIRECT,202,https://ctrlalt.cc,,UNKNOWN,,0,,,,No verified public submit entry found,2026-08-23 12:56 UTC
29,Dang AI,https://dang.ai,OK,DIRECT,200,https://dang.ai,AI Tools Directory | Dang.ai,AUTH_REQUIRED,https://dang.ai/pricing,200,https://dang.ai/login?next=%2Fpricing,Yes,,,2026-08-23 12:56 UTC
30,Dev Hunt,https://devhunt.org,OK,DIRECT,200,https://devhunt.org,Dev Hunt – The best new Dev Tools every day.,STALE,https://devhunt.org/submit,200,https://devhunt.org/submit,,,,2026-08-23 12:56 UTC
31,DevPages,https://devpages.io,OK,DIRECT,200,https://devpages.io,DevPages - The Ultimate Developer Tools Directory 2026,OPEN,https://devpages.io/submit-a-tool,200,https://devpages.io/submit-a-tool,,,,2026-08-23 12:56 UTC
32,Futurepedia (if AI startup),https://www.futurepedia.io,OK,DIRECT,200,https://www.futurepedia.io,"Find The Best AI Tools & Software, Futurepedia.io",OPEN,https://www.futurepedia.io/submit-tool,200,https://www.futurepedia.io/submit-tool,,,,2026-08-23 12:56 UTC
33,G2 (later stage),https://www.g2.com,BLOCKED,CLOAK_FAILED,403,https://www.g2.com/,g2.com,STALE,https://www.g2.com/submit,404,https://www.g2.com/submit,,Yes,HTTP 403,2026-08-23 12:56 UTC
34,GitHub (awesome lists),https://github.com,OK,DIRECT,200,https://github.com,GitHub · Change is constant. GitHub keeps you ahead. · GitHub,STALE,https://github.com/submit,200,https://github.com/submit,,,,2026-08-23 12:56 UTC
35,GrowthList,https://www.thegrowthlist.co,OK,DIRECT,200,https://www.thegrowthlist.co,Practical online business ideas you can use today,OPEN,https://www.thegrowthlist.co/tactics/launch-on-product-hunt,200,https://www.thegrowthlist.co/tactics/launch-on-product-hunt,,,,2026-08-23 12:56 UTC
36,Hacker News (Show HN),https://news.ycombinator.com/show,OK,DIRECT,200,https://news.ycombinator.com/show,Show | Hacker News,BLOCKED,https://news.ycombinator.com/submit,429,https://news.ycombinator.com/submit,,Yes,,2026-08-23 12:56 UTC
37,Indie Hackers,https://www.indiehackers.com,OK,DIRECT,200,https://www.indiehackers.com,Indie Hackers: Work Together to Build Profitable Online Businesses,OPEN,https://www.indiehackers.com/products/new,200,https://www.indiehackers.com/products/new,,,,2026-08-23 12:56 UTC
38,Indie Page,https://indiepa.ge,OK,DIRECT,200,https://indiepa.ge,Showcase All Your Startups on a Single Page | Indie Page,STALE,https://indiepa.ge/submit,404,https://indiepa.ge/404,,,,2026-08-23 12:56 UTC
39,Launch Dir,https://www.launchdir.com,OK,DIRECT,200,https://launchdir.com/,LaunchDir - Discover & Launch Amazing Products Every Week,AUTH_REQUIRED,https://launchdir.com/dashboard/launches/new/,200,https://launchdir.com/login/?callbackUrl=%2Fdashboard%2Flaunches%2Fnew%2F,Yes,,,2026-08-23 12:56 UTC
40,Launch Space,https://launchspace.io,OK,DIRECT,200,https://launchspace.io,Sumo303 Serunya Bermain Game Online dengan Suasana yang Lebih Fresh,STALE,https://launchspace.io/submit,404,https://launchspace.io/submit,,,,2026-08-23 12:56 UTC
41,Launching Next,https://www.launchingnext.com,OK,DIRECT,200,https://www.launchingnext.com,"Launching Next | New startups, startup ideas, great business ideas",OPEN,https://www.launchingnext.com/submit/,200,https://www.launchingnext.com/submit/,,,,2026-08-23 12:56 UTC
42,Launching.io,https://www.launching.io,OK,DIRECT,200,https://www.launchingnext.com/,"Launching Next | New startups, startup ideas, great business ideas",OPEN,https://www.launchingnext.com/submit/,200,https://www.launchingnext.com/submit/,,,,2026-08-23 12:56 UTC
43,Makerlog (Projects section),https://getmakerlog.com,OK,DIRECT,200,https://ambitiousfounder.com/,Ambitious Founder,STALE,https://ambitiousfounder.com/submit,404,https://ambitiousfounder.com/submit,,,,2026-08-23 12:56 UTC
44,Makerpad Directory,https://www.makerpad.co,OK,DIRECT,200,https://www.makerpad.co,MakerPad — Build AI companies that run themselves | MakerPad,AUTH_REQUIRED,https://www.makerpad.co/companies/create,200,https://accounts.google.com/v3/signin/identifier?opparams=%253F&dsh=S-231584370%3A1787488676408098&client_id=9454709833-5p8uiejveqdiqiv18k8t53u22n9hfqsr.apps.googleusercontent.com&o2v=1&redirect_uri=https%3A%2F%2Fwww.makerpad.co%2Fauth%2Fgoogle%2Fcallback&response_type=code&scope=openid+profile+email&service=lso&state=JQS2enJ34KoVLXM7VBKm02ftYyfw5oe4hbTpiZhX&flowName=GeneralOAuthFlow&continue=https%3A%2F%2Faccounts.google.com%2Fsignin%2Foauth%2Fv3%2Fconsent%3Fauthuser%3Dunknown%26part%3DAJi8hANkAZe0C7UcXBg1Rau6DaLPHHqX1dlqFQjEL20NBo0i168U9ovVV5WwVUyAfD2x4ZsStFt4IpO_Im63HDggR72Eg_W9-4c0gXlNyPgHKGgeNCYxb2JlSvL3srHWLGixYqmd6T-UpDUXdJXIYQj9aC2skpZUT72wLAxoBVx_HhWGdwEzA8I3kAa0x9Fngn1-aG7qRoSaMRJ13VdnVsjFgYG-VYOpZuJW8d61KSL8XiejW0aA6ewlDJGkS33IWT8pQ-PBA3HP5F1BtfFCbxwmh9qopt3hh1ONyWueooy4Z-AylB6xxATYnrTI9c5VV3F-_RgeeUwifzTUrG8PVwr0Y4m2Nje82O0IISgbIDzZUSxeZnOrhPBuL4rkxvG_pfbyJynlHtBoK0I_EjRu_Y3eUg235sHmuC-ivvx0EOo99Niq_xRcAJev826JQC2s1w-OKXH-9WY7DxbgTnJpQzKEwwGffkuNUA%26flowName%3DGeneralOAuthFlow%26as%3DS-231584370%253A1787488676408098%26client_id%3D9454709833-5p8uiejveqdiqiv18k8t53u22n9hfqsr.apps.googleusercontent.com%26requestPath%3D%252Fsignin%252Foauth%252Fv3%252Fconsent%23&app_domain=https%3A%2F%2Fwww.makerpad.co&rart=ANgoxce7GUoamHiQQoZIzhU3PzIe7MSvovDOB9_beXrdkT-KF0IaqEU2g4gbEeW6cUbe5nJLVeseRljEwIF6MbIyOywO_9DB2jb8KBF934uYAGpm2fxOeq0,Yes,,,2026-08-23 12:56 UTC
45,MicroLaunch,https://microlaunch.net,OK,DIRECT,200,https://microlaunch.net,World-class Tech Products on Microlaunch,OPEN,https://microlaunch.net/deals/submitator,200,https://microlaunch.net/deals/submitator,,,,2026-08-23 12:56 UTC
46,No Code List,https://nocodelist.co,OK,DIRECT,200,https://nocodelist.co,NoCodeList,STALE,https://nocodelist.co/submit,200,https://nocodelist.co/submit,,,,2026-08-23 12:56 UTC
47,PitchWall,https://pitchwall.co,OK,DIRECT,200,https://pitchwall.co,PitchWall - Discover New AI Products Every Day,OPEN,https://pitchwall.co/submit,200,https://pitchwall.co/submit,,,,2026-08-23 12:56 UTC
48,Product Hunt,https://www.producthunt.com,OK,VPN+CLOAK,200,https://www.producthunt.com,Product Hunt – The best new products in tech.,AUTH_REQUIRED,https://www.producthunt.com/posts/new,200,https://www.producthunt.com/login?origin=%2Fposts%2Fnew,Yes,,Verified via VPN+CLOAK TH,2026-08-23 12:56 UTC
49,SaaS AI Tools,https://saasaitools.com,OK,DIRECT,200,https://saasaitools.com,SaaS AI Tools | Directory of Generative AI Tools,OPEN,https://saasaitools.com/submit/,200,https://saasaitools.com/join/,,,,2026-08-23 12:56 UTC
50,SaaS Discovery,https://saasdiscovery.com,OK,DIRECT,200,https://saasdiscovery.com,SaaS Discovery – Discover Best Software for Your Business,STALE,https://saasdiscovery.com/submit-startup,404,https://saasdiscovery.com/submit-startup,,,,2026-08-23 12:56 UTC
51,SaaS Genius,https://saas-genius.com,UNREACHABLE,DIRECT,0,https://saas-genius.com,,UNKNOWN,,0,,,Yes,URLError: <urlopen error [Errno -2] Name or service not known>; No verified public submit entry found,2026-08-23 12:56 UTC
52,SaaS Worthy,https://www.saasworthy.com,OK,DIRECT,200,https://www.saasworthy.com,SaaSworthy | Top Business Software and Reviews,STALE,https://www.saasworthy.com/submit,404,https://www.saasworthy.com/submit,,,,2026-08-23 12:56 UTC
53,Side Project Ideas,https://sideprojectideas.com,OK,DIRECT,200,https://sideprojectideas.com,Create Next App,STALE,https://sideprojectideas.com/submit,404,https://sideprojectideas.com/submit,,,,2026-08-23 12:56 UTC
54,Startup Buffer,https://startupbuffer.com,BLOCKED,CLOAK_FAILED,403,https://startupbuffer.com/,Just a moment...,BLOCKED,https://startupbuffer.com/submit,403,https://startupbuffer.com/submit,,Yes,just a moment,2026-08-23 12:56 UTC
55,Startup Collections,https://startupcollections.com,OK,DIRECT,200,https://startupcollections.com,Startup Collections - Resources and Tools for Starters,OPEN,https://startupcollections.com/submit-product,200,https://startupcollections.com/submit-product/,,,,2026-08-23 12:56 UTC
56,Startup Fame,https://startupfa.me,OK,DIRECT,200,https://startupfa.me,Startup Fame - Discover Awesome Startups | Startup Fame,OPEN,https://startupfa.me/s/submitsaas,200,https://startupfa.me/s/submitsaas,,,,2026-08-23 12:56 UTC
57,Startup Inspire,https://www.startupinspire.com,OK,DIRECT,200,https://www.startupinspire.com,Startup inspiration - Submit and promote your Startup like a Pro | Inspiration gallery for startups,OPEN,https://www.startupinspire.com/submit,200,https://www.startupinspire.com/404,,,,2026-08-23 12:56 UTC
58,Startup Stash,https://startupstash.com,OK,DIRECT,200,https://startupstash.com,Startup Stash - A Curated Directory of Tools and Resources for Your Startup,OPEN,https://startupstash.com/add-listing/,200,https://startupstash.com/add-listing/,,,,2026-08-23 12:56 UTC
59,Tiny Alternatives,https://tinyalternatives.com,OK,DIRECT,200,https://tinyalternatives.com,ReflexClick – Train Your Reflexes and Click Speed,STALE,https://tinyalternatives.com/submit,404,https://tinyalternatives.com/submit,,,,2026-08-23 12:56 UTC
60,Tiny Startups,https://www.tinystartups.com,OK,DIRECT,200,https://www.tinystartups.com,Tiny Startups — Pay-What-You-Want Startup Launch Platform & Product Hunt Alternative,OPEN,https://www.tinystartups.com/submit-tool,200,https://www.tinystartups.com/submit-tool,,,,2026-08-23 12:56 UTC
61,Toolify,https://www.toolify.ai,OK,DIRECT,200,https://www.toolify.ai,Best AI Tools Directory & AI Tools List - Toolify,BLOCKED,https://www.toolify.ai/submit-gpt,403,https://www.toolify.ai/submit-gpt,,Yes,,2026-08-23 12:56 UTC
62,TopAI.tools,https://topai.tools,BLOCKED,CLOAK_FAILED,403,https://topai.tools/,Just a moment...,BLOCKED,https://topai.tools/submit,403,https://topai.tools/submit,,Yes,just a moment,2026-08-23 12:56 UTC
63,Trustpilot (for credibility),https://www.trustpilot.com,BLOCKED,CLOAK_FAILED,403,https://www.trustpilot.com/,Trustpilot Reviews: Experience the power of customer reviews,BLOCKED,https://www.trustpilot.com/submit,403,https://www.trustpilot.com/submit,,Yes,verifying connection,2026-08-23 12:56 UTC
64,Uneed,https://www.uneed.best,OK,DIRECT,200,https://www.uneed.best,Uneed - Launch. Get seen. Grow. | Uneed,STALE,https://www.uneed.best/submit,404,https://www.uneed.best/submit,,,,2026-08-23 12:56 UTC
65,Acid Tools,https://acidtools.com,OK,DIRECT,200,https://acidtools.com,"Practical AI Tools for Automation, Writing, and Design - Acid Tools (2026)",OPEN,https://acidtools.com/get-started,200,https://acidtools.com/get-started,,,,2026-08-23 12:56 UTC
66,Active Search Results,https://www.activesearchresults.com,OK,DIRECT,200,https://www.activesearchresults.com,Active Search Results Search Engine,STALE,https://www.activesearchresults.com/submit,404,https://www.activesearchresults.com/submit,,,,2026-08-23 12:56 UTC
67,Addon Biz,https://www.addonbiz.com,OK,DIRECT,200,https://www.addonbiz.com,"AddonBiz Local Business Directory, Add Your Business Free",OPEN,https://www.addonbiz.com/add-your-listing/,200,https://www.addonbiz.com/add-your-listing/,,,,2026-08-23 12:56 UTC
68,AI Tech Viral,https://aitechviral.com,OK,DIRECT,200,https://aitechviral.com,"Trending AI Tools, New Releases, and Fast-Moving Products - AI Tech Viral (2026)",OPEN,https://aitechviral.com/get-started,200,https://aitechviral.com/get-started,,,,2026-08-23 12:56 UTC
69,AI Toolz,https://aitoolzs.com,OK,DIRECT,200,https://aitoolzs.com,"Compare AI Tools for Writing, Coding, Design, and Automation - AI Toolz (2026)",OPEN,https://aitoolzs.com/get-started,200,https://aitoolzs.com/get-started,,,,2026-08-23 12:56 UTC
70,AI X Collection,https://aixcollection.com,OK,DIRECT,200,https://aixcollection.com,Advanced AI Tools and AI Products for Specialized Use Cases - AI X Collection (2026),OPEN,https://aixcollection.com/get-started,200,https://aixcollection.com/get-started,,,,2026-08-23 12:56 UTC
71,AIFindr,https://aifindr.com,DEAD,DIRECT,404,https://aifindr.com,Site Not Found | Framer,STALE,https://aifindr.com/submit,404,https://aifindr.com/submit,,,HTTP 404,2026-08-23 12:56 UTC
72,AIGC 160,https://aigc160.com,OK,DIRECT,200,https://aigc160.com,"AI Content Tools for Writing, Images, Video, and Creative Work - AIGC 160 (2026)",OPEN,https://aigc160.com/get-started,200,https://aigc160.com/get-started,,,,2026-08-23 12:56 UTC
73,Alternative Tools,https://alternativetools.io,UNREACHABLE,DIRECT,0,https://alternativetools.io,,UNKNOWN,,0,,,Yes,URLError: <urlopen error [Errno -2] Name or service not known>; No verified public submit entry found,2026-08-23 12:56 UTC
74,AppaList,https://appalist.com,OK,DIRECT,200,https://appalist.com,"AI Apps for Everyday Work, Marketing, and Productivity - Appa List (2026)",OPEN,https://appalist.com/get-started,200,https://appalist.com/get-started,,,,2026-08-23 12:56 UTC
75,AppLaunchpad,https://applaunchpad.io,OK,DIRECT,200,https://myinqplex.com/,"Hubet Myinqplex | Trang HUBET.COM Chính Thức, HU BET Tặng 888K",SERVER_ERROR,https://myinqplex.com/submit,508,https://myinqplex.com/submit,,,,2026-08-23 12:56 UTC
76,Appsy Tools,https://appsytools.com,OK,DIRECT,200,https://appsytools.com,"Software Tools for Work, Design, Marketing, and Development - Appsy Tools (2026)",OPEN,https://appsytools.com/get-started,200,https://appsytools.com/get-started,,,,2026-08-23 12:56 UTC
77,AppVault,https://appvault.io,OK,DIRECT,200,https://appvault.io/en/,AppVault | Automate workflows across the systems you already use,STALE,https://appvault.io/submit,404,https://appvault.io/submit,,,,2026-08-23 12:56 UTC
78,Ash List,https://ashlist.com,OK,DIRECT,200,https://ashlist.com,Curated Software Products to Compare by Category and Fit - Ash List (2026),OPEN,https://ashlist.com/get-started,200,https://ashlist.com/get-started,,,,2026-08-23 12:56 UTC
79,Beam Tools,https://beamtools.com,OK,DIRECT,200,https://beamtools.com,Software Tools for Team Workflows and Everyday Execution - Beam Tools (2026),OPEN,https://beamtools.com/get-started,200,https://beamtools.com/get-started,,,,2026-08-23 12:56 UTC
80,Ben's Bites,https://news.bensbites.com,OK,DIRECT,200,https://www.bensbites.com/,Ben's Bites | Substack,STALE,https://www.bensbites.com/submit,404,https://www.bensbites.com/submit,,,,2026-08-23 12:56 UTC
81,Best Tool Vault,https://besttoolvault.com,OK,DIRECT,200,https://besttoolvault.com,Curated Software Tools Worth Keeping in Your Stack - Best Tool Vault (2026),OPEN,https://besttoolvault.com/get-started,200,https://besttoolvault.com/get-started,,,,2026-08-23 12:56 UTC
82,BestofAI,https://bestofai.com,OK,DIRECT,200,https://bestofai.com,The best ai tools & applications online | BestofAI,STALE,https://bestofai.com/submit,404,https://bestofai.com/submit,,,,2026-08-23 12:56 UTC
83,Bowora,https://bowora.com,OK,DIRECT,200,https://bowora.com,Bowora | Get Funded or Acquired - Startup Launch Pad,OPEN,https://bowora.com/submitmap.com,200,https://bowora.com/submitmap.com,,,,2026-08-23 12:56 UTC
84,Brownbook,https://www.brownbook.net,OK,DIRECT,200,https://www.brownbook.net,Brownbook - The Global Business Listing Database. Free business listings for SEO and search engine marketing,STALE,https://www.brownbook.net/submit,404,https://www.brownbook.net/submit,,,,2026-08-23 12:56 UTC
85,BuildLog,https://buildlog.to,UNREACHABLE,DIRECT,0,https://buildlog.to,,UNKNOWN,,0,,,Yes,URLError: <urlopen error [Errno -2] Name or service not known>; No verified public submit entry found,2026-08-23 12:56 UTC
86,BuiltByMe,https://builtbyme.io,OK,DIRECT,200,https://builtbyme.io,BuiltByMe - Discover Products Built by Indie Makers,AUTH_REQUIRED,https://builtbyme.io/submit,200,https://builtbyme.io/login,Yes,,,2026-08-23 12:56 UTC
87,BuiltWithTools,https://builtwithtools.com,OK,DIRECT,200,https://builtwithtools.com,Built With Tools - Built with Confidence,STALE,https://builtwithtools.com/submit,404,https://builtwithtools.com/submit,,,,2026-08-23 12:56 UTC
88,BusinessHunt,https://businesshunt.co,OK,DIRECT,200,https://businesshunt.co,BusinessHunt,STALE,https://businesshunt.co/submit,200,https://businesshunt.co/submit,,,,2026-08-23 12:56 UTC
89,Callupcontact,https://www.callupcontact.com,UNREACHABLE,DIRECT,0,https://www.callupcontact.com,,UNKNOWN,,0,,,Yes,URLError: <urlopen error [SSL: TLSV1_UNRECOGNIZED_NAME] tlsv1 unrecognized name (_ssl.c:1000)>; No verified public submit entry found,2026-08-23 12:56 UTC
90,CurateClick,https://curateclick.com,OK,DIRECT,200,https://curateclick.com,Discover the latest and most popular Products - CurateClick,OPEN,https://curateclick.com/submit,200,https://curateclick.com/submit,,,,2026-08-23 12:56 UTC
91,DailyLaunch,https://dailylaunch.io,UNREACHABLE,DIRECT,0,https://dailylaunch.io,,UNKNOWN,,0,,,Yes,URLError: <urlopen error [Errno -2] Name or service not known>; No verified public submit entry found,2026-08-23 12:56 UTC
92,DeepLaunch.io,https://deeplaunch.io,OK,DIRECT,200,https://deeplaunch.io,DeepLaunch.io - The Ultimate Directory for Online Tools and Resources,OPEN,https://deeplaunch.io/submit,200,https://deeplaunch.io/submit,,,,2026-08-23 12:56 UTC
93,DevHub,https://devhub.best,OK,DIRECT,200,https://devhub.best,DevHub - DevHub is a platform to discover and upvote the best tech products. Find top products launching daily.,AUTH_REQUIRED,https://devhub.best/projects/submit,200,https://devhub.best/sign-in?redirect=/projects/submit,Yes,,,2026-08-23 12:56 UTC
94,DevLaunch,https://devlaunch.io,UNREACHABLE,DIRECT,0,https://devlaunch.io,,UNKNOWN,,0,,,Yes,URLError: <urlopen error timed out>; No verified public submit entry found,2026-08-23 12:56 UTC
95,DR Checker,https://drchecker.org,OK,DIRECT,200,https://drchecker.org,DR Checker - Free Website Domain Rating Checker,STALE,https://drchecker.org/submit,404,https://drchecker.org/submit,,,,2026-08-23 12:56 UTC
96,FF2050.AI,https://ff2050.com,OK,DIRECT,200,https://ff2050.com,"Ff2050 Zone – Reviews, how-tos and hardware picks for players.",UNKNOWN,,0,,,,No verified public submit entry found,2026-08-23 12:56 UTC
97,Firsto,https://firsto.co,OK,DIRECT,200,https://firsto.co,Firsto – Fair Product Launch Platform Where Every Launch Gets Seen,AUTH_REQUIRED,https://firsto.co/projects/submit,200,https://firsto.co/sign-in?redirect=/projects/submit,Yes,,,2026-08-23 12:56 UTC
98,Foundr Tools,https://foundr.tools,UNREACHABLE,DIRECT,0,https://foundr.tools,,UNKNOWN,,0,,,Yes,URLError: <urlopen error [Errno -2] Name or service not known>; No verified public submit entry found,2026-08-23 12:56 UTC
99,FreshStartups,https://freshstartups.io,UNREACHABLE,DIRECT,0,https://freshstartups.io,,UNKNOWN,,0,,,Yes,URLError: <urlopen error [Errno -2] Name or service not known>; No verified public submit entry found,2026-08-23 12:56 UTC
100,GetWorm,https://getworm.com,OK,DIRECT,200,https://getworm.com,Get Worm,UNKNOWN,,0,,,,No verified public submit entry found,2026-08-23 12:56 UTC
101,Good AI Tools,https://goodaitools.com,OK,DIRECT,200,https://goodaitools.com,Discover the Best AI Tools to Boost Your Productivity. - Good AI Tools (2026),OPEN,https://goodaitools.com/get-started,200,https://goodaitools.com/get-started,,,,2026-08-23 12:56 UTC
102,Hunt for Tools,https://huntfortools.com,OK,DIRECT,200,https://huntfortools.com,"Find Software Tools by Category, Workflow, and Fit - Hunt for Tools (2026)",OPEN,https://huntfortools.com/get-started,200,https://huntfortools.com/get-started,,,,2026-08-23 12:56 UTC
103,Idea Kiln,https://ideakiln.com,OK,DIRECT,200,https://ideakiln.com,IdeaKiln: Ship it forward,OPEN,https://ideakiln.com/dashboard/submit-idea,200,https://ideakiln.com/dashboard/submit-idea,,,,2026-08-23 12:56 UTC
104,IndieFounder,https://indiefounder.co,UNREACHABLE,DIRECT,0,https://indiefounder.co,,UNKNOWN,,0,,,Yes,URLError: <urlopen error timed out>; No verified public submit entry found,2026-08-23 12:56 UTC
105,IndieLaunch,https://indielaunch.co,OK,DIRECT,200,https://indielaunch.ai/,Indielaunch - The Complete Startup Ecosystem Platform,STALE,https://indielaunch.ai/submit,404,https://indielaunch.ai/submit,,,,2026-08-23 12:56 UTC
106,IndieMade,https://indiemade.co,UNREACHABLE,DIRECT,0,https://indiemade.co,,UNKNOWN,,0,,,Yes,URLError: <urlopen error [Errno -2] Name or service not known>; No verified public submit entry found,2026-08-23 12:56 UTC
107,IndiePages,https://indiepages.com,UNREACHABLE,DIRECT,0,https://indiepages.com,,UNKNOWN,,0,,,Yes,URLError: <urlopen error [SSL: CERTIFICATE_VERIFY_FAILED] certificate verify failed: self-signed certificate (_ssl.c:1000)>; No verified public submit entry found,2026-08-23 12:56 UTC
108,IndieStack,https://indiestack.co,OK,DIRECT,200,https://indiestack.co,IndieStack — The Builder's Control Room,UNKNOWN,,0,,,,No verified public submit entry found,2026-08-23 12:56 UTC
109,Indietool,https://www.indietool.io,OK,DIRECT,200,https://www.indietool.io,"IndieTool - Launch Your Startup, Get Traffic & Backlinks",AUTH_REQUIRED,https://www.indietool.io/user/signup,200,https://www.indietool.io/user/signup,Yes,,,2026-08-23 12:56 UTC
110,IndieTools,https://indietools.app,OK,DIRECT,200,https://www.indietools.app/,IndieTools | Discover amazing products built by indie makers,AUTH_REQUIRED,https://www.indietools.app/signin?callbackUrl=/dashboard/products/new,200,https://www.indietools.app/signin?callbackUrl=/dashboard/products/new,Yes,,,2026-08-23 12:56 UTC
111,kj123.cn,https://www.kj123.cn,OK,DIRECT,200,https://goodpics.net/go/2986727,...,STALE,https://goodpics.net/submit,404,https://goodpics.net/submit,,,,2026-08-23 12:56 UTC
112,Latest AI Updates,https://latestaiupdates.com,OK,DIRECT,200,https://latestaiupdates.com,"Latest AI Tools, Product Launches, and New Releases - Latest AI Updates (2026)",OPEN,https://latestaiupdates.com/get-started,200,https://latestaiupdates.com/get-started,,,,2026-08-23 12:56 UTC
113,Launch,https://trylaunch.ai,OK,DIRECT,200,https://trylaunch.ai,Launch — Where Vibe Coders Get Discovered,UNKNOWN,,0,,,,No verified public submit entry found,2026-08-23 12:56 UTC
114,Launch List,https://www.launch-list.org,OK,DIRECT,200,https://www.launch-list.org,Launch List - Launch Your Product on Product Hunt and 100+ websites,OPEN,https://www.launch-list.org/get-listed,200,https://www.launch-list.org/get-listed,,,,2026-08-23 12:56 UTC
115,Launch Scroll,https://launchscroll.com,OK,DIRECT,200,https://launchscroll.com,"New Software Launches to Scroll, Compare, and Track - Launch Scroll (2026)",OPEN,https://launchscroll.com/get-started,200,https://launchscroll.com/get-started,,,,2026-08-23 12:56 UTC
116,Launch Vault,https://www.launchvault.dev,OK,DIRECT,200,https://www.launchvault.dev,Launch Vault - The Product Launch Platform for Startups | Product Hunt Alternative,AUTH_REQUIRED,https://www.launchvault.dev/projects/submit,200,https://www.launchvault.dev/sign-in?redirect=/projects/submit,Yes,,,2026-08-23 12:56 UTC
117,LaunchDay,https://launchday.app,UNREACHABLE,DIRECT,0,https://launchday.app,,UNKNOWN,,0,,,Yes,URLError: <urlopen error [SSL: SSLV3_ALERT_HANDSHAKE_FAILURE] sslv3 alert handshake failure (_ssl.c:1000)>; No verified public submit entry found,2026-08-23 12:56 UTC
118,LauncherList,https://launcherlist.com,UNREACHABLE,DIRECT,0,https://launcherlist.com,,UNKNOWN,,0,,,Yes,URLError: <urlopen error [Errno -2] Name or service not known>; No verified public submit entry found,2026-08-23 12:56 UTC
119,Launching Now,https://launchingnow.co,UNREACHABLE,DIRECT,0,https://launchingnow.co,,UNKNOWN,,0,,,Yes,URLError: <urlopen error [Errno -2] Name or service not known>; No verified public submit entry found,2026-08-23 12:56 UTC
120,LaunchitX,https://launchitx.com,OK,DIRECT,200,https://launchitx.com,Startup Launch Platform for Indie Makers | LaunchitX,AUTH_REQUIRED,https://launchitx.com/projects/submit,200,https://launchitx.com/auth/login?callbackUrl=%2Fprojects%2Fsubmit,Yes,,,2026-08-23 12:56 UTC
121,Launchpad.so,https://launchpad.so,OK,DIRECT,200,https://launchpad.so,launchpad.so for sale | Spaceship.com,UNKNOWN,,0,,,,No verified public submit entry found,2026-08-23 12:56 UTC
122,LaunchPool,https://launchpool.co,OK,DIRECT,200,https://launchpool.co,,UNKNOWN,,0,,,,No verified public submit entry found,2026-08-23 12:56 UTC
123,LaunchStarter,https://launchstarter.io,UNREACHABLE,DIRECT,0,https://launchstarter.io,,UNKNOWN,,0,,,Yes,URLError: <urlopen error [Errno -2] Name or service not known>; No verified public submit entry found,2026-08-23 12:56 UTC
124,LaunchTab,https://launchtab.com,OK,CLOAK,200,https://www.atom.com/name/LaunchTab,LaunchTab.com — Premium Domain For Sale | Atom,STALE,https://www.atom.com/submit,404,https://www.atom.com/submit,,,,2026-08-23 12:56 UTC
125,LaunchWeekly,https://launchweekly.com,UNREACHABLE,DIRECT,0,https://launchweekly.com,,UNKNOWN,,0,,,Yes,URLError: <urlopen error [Errno 111] Connection refused>; No verified public submit entry found,2026-08-23 12:56 UTC
126,LaunchZone,https://launchzone.io,UNREACHABLE,DIRECT,0,https://launchzone.io,,UNKNOWN,,0,,,Yes,URLError: <urlopen error [Errno -2] Name or service not known>; No verified public submit entry found,2026-08-23 12:56 UTC
127,ListYourProduct,https://listyourproduct.com,OK,DIRECT,200,https://listyourproduct.com,ListYourProduct – AI-Powered Product Listings for Amazon & Meesho,UNKNOWN,,0,,,,No verified public submit entry found,2026-08-23 12:56 UTC
128,Make.rs,https://make.rs,OK,DIRECT,200,https://make.rs,Make.rs,UNKNOWN,,0,,,,No verified public submit entry found,2026-08-23 12:56 UTC
129,Maker Directory,https://makerdirectory.io,UNREACHABLE,DIRECT,0,https://makerdirectory.io,,UNKNOWN,,0,,,Yes,URLError: <urlopen error [Errno -2] Name or service not known>; No verified public submit entry found,2026-08-23 12:56 UTC
130,MakerBoard,https://makerboard.co,UNREACHABLE,DIRECT,0,https://makerboard.co,,UNKNOWN,,0,,,Yes,URLError: <urlopen error [Errno -2] Name or service not known>; No verified public submit entry found,2026-08-23 12:56 UTC
131,Makerlist.io,https://makerlist.io,OK,DIRECT,200,https://makerlist.io,Makerlist.io,STALE,https://makerlist.io/submit-startup,404,https://makerlist.io/submit-startup,,,,2026-08-23 12:56 UTC
132,MedSci AI,https://aisite.medsci.cn,OK,DIRECT,202,https://aisite.medsci.cn,,UNKNOWN,,0,,,,No verified public submit entry found,2026-08-23 12:56 UTC
133,My Launch Stash,https://mylaunchstash.com,OK,DIRECT,200,https://mylaunchstash.com,"New Product Launches Worth Saving, Tracking, and Comparing - My Launch Stash (2026)",OPEN,https://mylaunchstash.com/get-started,200,https://mylaunchstash.com/get-started,,,,2026-08-23 12:56 UTC
134,My Start Tools,https://mystarttools.com,OK,DIRECT,200,https://mystarttools.com,"Starter Tools for Founders, Small Teams, and Early Workflows - My Start Tools (2026)",OPEN,https://mystarttools.com/get-started,200,https://mystarttools.com/get-started,,,,2026-08-23 12:56 UTC
135,NavFolders,https://navfolders.com,OK,DIRECT,200,https://navfolders.com,NavFolders,AUTH_REQUIRED,https://navfolders.com/submit,200,https://navfolders.com/auth/login?callbackUrl=%2Fsubmit,Yes,,,2026-08-23 12:56 UTC
136,Navs Site,https://navs.site,OK,DIRECT,200,https://navs.site,Navs Site | Discover AI tools that fit your work,OPEN,https://navs.site/website/submitbear,200,https://navs.site/website/submitbear,,,,2026-08-23 12:56 UTC
137,New Startups,https://newstartups.io,UNREACHABLE,DIRECT,0,https://newstartups.io,,UNKNOWN,,0,,,Yes,URLError: <urlopen error [Errno -2] Name or service not known>; No verified public submit entry found,2026-08-23 12:56 UTC
138,NewTools,https://newtools.co,OK,DIRECT,200,https://newtools.co,,UNKNOWN,,0,,,,No verified public submit entry found,2026-08-23 12:56 UTC
139,NextGen Tools,https://www.nxgntools.com,OK,DIRECT,200,https://www.nxgntools.com,Launch Your Startup Tool & Get DR Backlinks | NxGn Tools,STALE,https://www.nxgntools.com/submit,404,https://www.nxgntools.com/submit,,,,2026-08-23 12:56 UTC
140,Open Launch,https://openlaunch.ai,OK,DIRECT,200,https://openlaunch.ai,Open Launch - Alternatives to Product Hunt,AUTH_REQUIRED,https://openlaunch.ai/projects/submit,200,https://openlaunch.ai/sign-in?redirect=/projects/submit,Yes,,,2026-08-23 12:56 UTC
141,OpenHunts,https://openhunts.com,OK,DIRECT,200,https://openhunts.com,OpenHunts: Product Launch & Discovery Platform for Makers,AUTH_REQUIRED,https://openhunts.com/projects/submit,200,https://openhunts.com/sign-in?redirect=/projects/submit,Yes,,,2026-08-23 12:56 UTC
142,PeerPush,https://peerpush.net,OK,DIRECT,200,https://peerpush.com/,PeerPush - Get Found by People and AI,AUTH_REQUIRED,https://peerpush.com/submit,200,https://peerpush.com/auth/login?redirectTo=%2Fsubmit,Yes,,,2026-08-23 12:56 UTC
143,PitchWalker,https://pitchwalker.com,UNREACHABLE,DIRECT,0,https://pitchwalker.com,,UNKNOWN,,0,,,Yes,URLError: <urlopen error [Errno -2] Name or service not known>; No verified public submit entry found,2026-08-23 12:56 UTC
144,Power Up Tools,https://poweruptools.com,OK,DIRECT,200,https://poweruptools.com,"AI Tools That Improve Productivity, Output, and Daily Work - Power Up Tools (2026)",OPEN,https://poweruptools.com/get-started,200,https://poweruptools.com/get-started,,,,2026-08-23 12:56 UTC
145,Product Launch Dir,https://productlaunchdir.com,UNREACHABLE,DIRECT,0,https://productlaunchdir.com,,UNKNOWN,,0,,,Yes,URLError: <urlopen error [Errno -2] Name or service not known>; No verified public submit entry found,2026-08-23 12:56 UTC
146,Product List Dir,https://productlistdir.com,OK,DIRECT,200,https://productlistdir.com,Software Products Organized for Comparison and Discovery - Product List Dir (2026),OPEN,https://productlistdir.com/submit,200,https://productlistdir.com/submit,,,,2026-08-23 12:56 UTC
147,Product Wing,https://productwing.com,OK,DIRECT,200,https://productwing.com,Software Products Worth Discovering and Comparing - Product Wing (2026),OPEN,https://productwing.com/submit,200,https://productwing.com/submit,,,,2026-08-23 12:56 UTC
148,ProductBurst,https://productburst.com,OK,DIRECT,200,https://bubble.io/limit_exceeded?appname=productburst,Visual Programming | Bubble,STALE,https://bubble.io/submit,404,https://bubble.io/submit,,,,2026-08-23 12:56 UTC
149,ProductCatalog,https://productcatalog.io,OK,DIRECT,200,https://productcatalog.io,PCMT - Product Catalog Management Tool,STALE,https://productcatalog.io/submit,404,https://productcatalog.io/submit,,,,2026-08-23 12:56 UTC
150,ProductDir,https://productdir.com,OK,DIRECT,200,https://productdir.com,,UNKNOWN,,0,,,,No verified public submit entry found,2026-08-23 12:56 UTC
151,ProductFeed,https://productfeed.co,UNREACHABLE,DIRECT,0,https://productfeed.co,,UNKNOWN,,0,,,Yes,URLError: <urlopen error [Errno -2] Name or service not known>; No verified public submit entry found,2026-08-23 12:56 UTC
152,ProductHero,https://producthero.co,UNREACHABLE,DIRECT,0,https://producthero.co,,UNKNOWN,,0,,,Yes,URLError: <urlopen error [Errno -2] Name or service not known>; No verified public submit entry found,2026-08-23 12:56 UTC
153,ProductPages,https://productpages.co,OK,DIRECT,200,https://productpages.co,,UNKNOWN,,0,,,,No verified public submit entry found,2026-08-23 12:56 UTC
154,ProductsUp,https://productsup.co,UNREACHABLE,DIRECT,0,https://productsup.co,,UNKNOWN,,0,,,Yes,URLError: <urlopen error [Errno -2] Name or service not known>; No verified public submit entry found,2026-08-23 12:56 UTC
155,ProjectHunt,https://projecthunt.me,OK,DIRECT,200,https://projecthunt.me,ProjectHunt - Discover and share projects,STALE,https://projecthunt.me/submit,404,https://projecthunt.me/submit,,,,2026-08-23 12:56 UTC
156,Promote Project,https://www.promoteproject.com,OK,DIRECT,200,https://www.promoteproject.com,"Promote Project - Startup Articles, Entrepreneurship Tips and Business Insights",AUTH_REQUIRED,https://www.promoteproject.com/submit-startup,200,https://www.promoteproject.com/login,Yes,,,2026-08-23 12:56 UTC
157,Ramen.Tools,https://ramen.tools,OK,DIRECT,200,https://ramen.tools,ramen.tools - See what tools 6000+ makers are using,STALE,https://ramen.tools/submit,404,https://ramen.tools/submit,,,,2026-08-23 12:56 UTC
158,SaaS Arena,https://saasarena.com,OK,DIRECT,200,https://championleadership.com/,Home - Champion Leadership Group,STALE,https://championleadership.com/submit,404,https://championleadership.com/submit,,,,2026-08-23 12:56 UTC
159,SaaS Browser,https://saasbrowser.com,OK,DIRECT,200,https://saasbrowser.com/en,SaaS Database & Software Search Engine for B2B Lead Generation | SaaS Browser,AUTH_REQUIRED,https://saasbrowser.com/en/add-your-saas,200,https://saasbrowser.com/en/users/sign_up,Yes,,,2026-08-23 12:56 UTC
160,SaaS Explorer,https://saasexplorer.co,UNREACHABLE,DIRECT,0,https://saasexplorer.co,,UNKNOWN,,0,,,Yes,URLError: <urlopen error [Errno -2] Name or service not known>; No verified public submit entry found,2026-08-23 12:56 UTC
161,Saas Field,https://saasfield.com,OK,DIRECT,200,https://saasfield.com,"Compare AI SaaS Tools by Use Case, Pricing, and Workflow - SaaS Field (2026)",OPEN,https://saasfield.com/submit,200,https://saasfield.com/submit,,,,2026-08-23 12:56 UTC
162,SaaS Hub Directory,https://saashubdirectory.com,SERVER_ERROR,DIRECT,502,https://saashubdirectory.com,saashubdirectory.com | 502: Bad gateway,SERVER_ERROR,https://saashubdirectory.com/submit,502,https://saashubdirectory.com/submit,,,HTTP 502,2026-08-23 12:56 UTC
163,SaaS Hunter,https://saashunter.co,UNREACHABLE,DIRECT,0,https://saashunter.co,,UNKNOWN,,0,,,Yes,URLError: <urlopen error [Errno -2] Name or service not known>; No verified public submit entry found,2026-08-23 12:56 UTC
164,SaaS Launch,https://saaslaunch.io,OK,DIRECT,200,https://saaslaunch.io,MVF Homepage - saaslaunch.io,STALE,https://saaslaunch.io/submit,404,https://saaslaunch.io/submit,,,,2026-08-23 12:56 UTC
165,SaaS Launch List,https://saaslaunchlist.com,UNREACHABLE,DIRECT,0,https://saaslaunchlist.com,,UNKNOWN,,0,,,Yes,URLError: <urlopen error [Errno -3] Temporary failure in name resolution>; No verified public submit entry found,2026-08-23 12:56 UTC
166,SaaS Pages,https://saaspages.xyz,OK,DIRECT,200,https://saaspages.xyz,SaaS Pages,STALE,https://saaspages.xyz/submit,404,https://saaspages.xyz/submit,,,,2026-08-23 12:56 UTC
167,SaaS Roots,https://saasroots.com,OK,DIRECT,200,https://saasroots.com,Foundational SaaS Products for Startups and Business Teams - SaaS Roots (2026),OPEN,https://saasroots.com/submit,200,https://saasroots.com/submit,,,,2026-08-23 12:56 UTC
168,SaaS Tools Dir,https://saastoolsdir.com,OK,DIRECT,200,https://saastoolsdir.com,Organized SaaS Tools to Compare by Category and Pricing - SaaS Tools Dir (2026),OPEN,https://saastoolsdir.com/submit,200,https://saastoolsdir.com/submit,,,,2026-08-23 12:56 UTC
169,SaaS Wheel,https://saaswheel.com,OK,DIRECT,200,https://saaswheel.com,"Compare SaaS Products for Workflows, Teams, and Growth - SaaS Wheel (2026)",OPEN,https://saaswheel.com/submit,200,https://saaswheel.com/submit,,,,2026-08-23 12:56 UTC
170,SaaSBoard,https://saasboard.co,UNREACHABLE,DIRECT,0,https://saasboard.co,,UNKNOWN,,0,,,Yes,URLError: <urlopen error [Errno -5] No address associated with hostname>; No verified public submit entry found,2026-08-23 12:56 UTC
171,SaaSDir,https://saasdir.com,BLOCKED,CLOAK_FAILED,403,https://www.serchen.com/,Just a moment...,BLOCKED,https://www.serchen.com/submit,403,https://www.serchen.com/submit,,Yes,just a moment,2026-08-23 12:56 UTC
172,SaaSFrame,https://saasframe.io,OK,DIRECT,200,https://www.saasframe.io/,SaaSFrame — UX & UI Design Examples Library for SaaS Websites and Interfaces,STALE,https://www.saasframe.io/submit,404,https://www.saasframe.io/submit,,,,2026-08-23 12:56 UTC
173,SaasHunt,https://saashunt.best,OK,DIRECT,200,https://saashunt.best,SaasHunt - SaasHunt is a platform to discover and upvote the best tech products. Find top products launching daily.,AUTH_REQUIRED,https://saashunt.best/projects/submit,200,https://saashunt.best/sign-in?redirect=/projects/submit,Yes,,,2026-08-23 12:56 UTC
174,SaaSNova,https://saasnova.co,UNREACHABLE,DIRECT,0,https://saasnova.co,,UNKNOWN,,0,,,Yes,URLError: <urlopen error timed out>; No verified public submit entry found,2026-08-23 12:56 UTC
175,Saaspa.ge,https://www.saaspa.ge,OK,DIRECT,200,https://www.saaspa.ge,Saaspa.ge - Launch Your Product This Week,AUTH_REQUIRED,https://www.saaspa.ge/submit,200,https://www.saaspa.ge/auth/signin?callbackUrl=https%3A%2F%2Fwww.saaspa.ge%2F,Yes,,,2026-08-23 12:56 UTC
176,SaaSPick,https://saaspick.com,OK,DIRECT,200,https://saaspick.com,,STALE,https://saaspick.com/submit,404,https://saaspick.com/submit,,,,2026-08-23 12:56 UTC
177,SaaSpo,https://saaspo.com,OK,DIRECT,200,https://saaspo.com,The best SaaS Web Design Inspiration | Saaspo,OPEN,https://saaspo.com/submit,200,https://saaspo.com/submit,,,,2026-08-23 12:56 UTC
178,SaaSRegister,https://saasregister.co,UNREACHABLE,DIRECT,0,https://saasregister.co,,UNKNOWN,,0,,,Yes,URLError: <urlopen error [Errno -2] Name or service not known>; No verified public submit entry found,2026-08-23 12:56 UTC
179,Scout Forge,https://scoutforge.net,OK,DIRECT,200,https://scoutforge.net,Scout Forge | Discover and Review New Apps Safely,AUTH_REQUIRED,https://scoutforge.net/app-register,200,https://scoutforge.net/app-register,Yes,,,2026-08-23 12:56 UTC
180,See What New AI,https://www.seewhatnewai.com,OK,DIRECT,200,https://www.seewhatnewai.com,SeeWhatNewAI Directory: Discover AI tools | SeeWhatNewAI,OPEN,https://www.seewhatnewai.com/submit,200,https://www.seewhatnewai.com/submit,,,,2026-08-23 12:56 UTC
181,Shipybara,https://shipybara.com,OK,DIRECT,200,https://shipybara.com,Shipybara - Discover the Best Tech Products,AUTH_REQUIRED,https://shipybara.com/projects/submit,200,https://shipybara.com/sign-in?redirect=/projects/submit,Yes,,,2026-08-23 12:56 UTC
182,ShowMySites,https://www.showmysites.com,OK,DIRECT,200,https://www.showmysites.com,Directory & Launch Platform - Submit Your Website - ShowMySites,AUTH_REQUIRED,https://www.showmysites.com/accounts/signup/,200,https://www.showmysites.com/accounts/signup/,Yes,,,2026-08-23 12:56 UTC
183,Side Hustle Stack,https://sidehustlestack.co,SERVER_ERROR,DIRECT,509,https://sidehustlestack.co,Quota Exceeded,SERVER_ERROR,https://sidehustlestack.co/submit,509,https://sidehustlestack.co/submit,,,HTTP 509,2026-08-23 12:56 UTC
184,Sitelike.org,https://www.sitelike.org,OK,DIRECT,200,https://www.sitelike.org,Similar Sites & Alternative Website Finder | Sites Like,STALE,https://www.sitelike.org/submit,404,https://www.sitelike.org/submit,,,,2026-08-23 12:56 UTC
185,Smart Kit Hub,https://smartkithub.com,OK,DIRECT,200,https://smartkithub.com,Smart Software Products for Building a Better Work Kit - Smart Kit Hub (2026),OPEN,https://smartkithub.com/get-started,200,https://smartkithub.com/get-started,,,,2026-08-23 12:56 UTC
186,Software Bolt,https://softwarebolt.com,OK,DIRECT,200,https://softwarebolt.com,Software Products to Compare Quickly by Category and Fit - Software Bolt (2026),OPEN,https://softwarebolt.com/submit,200,https://softwarebolt.com/submit,,,,2026-08-23 12:56 UTC
187,SoftwareList,https://softwarelist.io,UNREACHABLE,DIRECT,0,https://softwarelist.io,,UNKNOWN,,0,,,Yes,URLError: <urlopen error [Errno -5] No address associated with hostname>; No verified public submit entry found,2026-08-23 12:56 UTC
188,Solver Tools,https://solvertools.com,OK,DIRECT,200,https://solvertools.com,Software Tools That Solve Workflow and Operations Problems - Solver Tools (2026),OPEN,https://solvertools.com/get-started,200,https://solvertools.com/get-started,,,,2026-08-23 12:56 UTC
189,Source Dir,https://sourcedir.com,OK,DIRECT,200,https://sourcedir.com,Trusted Software Products to Compare by Category and Use Case - Source Dir (2026),OPEN,https://sourcedir.com/submit,200,https://sourcedir.com/submit,,,,2026-08-23 12:56 UTC
190,Stack Directory,https://stackdirectory.com,OK,DIRECT,200,https://stackdirectory.com,Software Products for Building and Improving Your Stack - Stack Directory (2026),OPEN,https://stackdirectory.com/submit,200,https://stackdirectory.com/submit,,,,2026-08-23 12:56 UTC
191,Startup AIdeas,https://startupaideas.com,OK,DIRECT,200,https://startupaideas.com,"AI Tools for Founders, Startup Research, and Growth Work - Startup AIdeas (2026)",OPEN,https://startupaideas.com/get-started,200,https://startupaideas.com/get-started,,,,2026-08-23 12:56 UTC
192,Startup Benchmarks,https://startupbenchmarks.com,OK,DIRECT,200,https://startupbenchmarks.com,"Startup Software to Compare for Operations, Growth, and Team Work - Startup Benchmarks (2026)",OPEN,https://startupbenchmarks.com/get-started,200,https://startupbenchmarks.com/get-started,,,,2026-08-23 12:56 UTC
193,Startup Index,https://startupindex.co,OK,DIRECT,200,https://startupindex.co,,UNKNOWN,,0,,,,No verified public submit entry found,2026-08-23 12:56 UTC
194,Startup Vessel,https://startupvessel.com,OK,DIRECT,200,https://startupvessel.com,Startup Software for Founders Building Their Operating Stack - Startup Vessel (2026),OPEN,https://startupvessel.com/get-started,200,https://startupvessel.com/get-started,,,,2026-08-23 12:56 UTC
195,StartupDex,https://startupdex.com,UNREACHABLE,DIRECT,0,https://startupdex.com,,UNKNOWN,,0,,,Yes,"URLError: <urlopen error [SSL: CERTIFICATE_VERIFY_FAILED] certificate verify failed: Hostname mismatch, certificate is not valid for 'startupdex.com'. (_ssl.c:1000)>; No verified public submit entry found",2026-08-23 12:56 UTC
196,StartupForge,https://startupforge.io,UNREACHABLE,DIRECT,0,https://startupforge.io,,UNKNOWN,,0,,,Yes,URLError: <urlopen error [Errno 104] Connection reset by peer>; No verified public submit entry found,2026-08-23 12:56 UTC
197,StartupGlobe,https://startupglobe.co,UNREACHABLE,DIRECT,0,https://startupglobe.co,,UNKNOWN,,0,,,Yes,URLError: <urlopen error [Errno -2] Name or service not known>; No verified public submit entry found,2026-08-23 12:56 UTC
198,StartupHive,https://startuphive.co,UNREACHABLE,DIRECT,0,https://startuphive.co,,UNKNOWN,,0,,,Yes,URLError: <urlopen error [Errno -2] Name or service not known>; No verified public submit entry found,2026-08-23 12:56 UTC
199,StartupLift,https://startuplift.com,UNREACHABLE,DIRECT,0,https://startuplift.com,,UNKNOWN,,0,,,Yes,URLError: <urlopen error [SSL: TLSV1_ALERT_INTERNAL_ERROR] tlsv1 alert internal error (_ssl.c:1000)>; No verified public submit entry found,2026-08-23 12:56 UTC
200,StartupLister,https://startuplister.com,DEAD,DIRECT,404,https://bubble.io/domain_not_supported?domain=startuplister.com,Visual Programming | Bubble,STALE,https://bubble.io/submit,404,https://bubble.io/submit,,,HTTP 404,2026-08-23 12:56 UTC
201,StartupNow,https://startupnow.co,UNREACHABLE,DIRECT,0,https://startupnow.co,,STALE,https://startupnow.co/submit,404,https://startupnow.co/submit,,Yes,"URLError: <urlopen error [SSL: CERTIFICATE_VERIFY_FAILED] certificate verify failed: Hostname mismatch, certificate is not valid for 'www.startupnow.com'. (_ssl.c:1000)>",2026-08-23 12:56 UTC
202,Startups Lab,https://startupslab.site,OK,DIRECT,200,https://startupslab.site,Startups Lab - Launch Your Startup. Get Discovered. Grow.,OPEN,https://startupslab.site/submit-product,200,https://startupslab.site/submit-product,,,,2026-08-23 12:56 UTC
203,StartupShelf,https://startupshelf.co,UNREACHABLE,DIRECT,0,https://startupshelf.co,,UNKNOWN,,0,,,Yes,URLError: <urlopen error [Errno -2] Name or service not known>; No verified public submit entry found,2026-08-23 12:56 UTC
204,StartupTrack,https://startuptrack.io,UNREACHABLE,DIRECT,0,https://startuptrack.io,,UNKNOWN,,0,,,Yes,URLError: <urlopen error [Errno -2] Name or service not known>; No verified public submit entry found,2026-08-23 12:56 UTC
205,StartupVault,https://startupvault.co,UNREACHABLE,DIRECT,0,https://startupvault.co,,UNKNOWN,,0,,,Yes,URLError: <urlopen error timed out>; No verified public submit entry found,2026-08-23 12:56 UTC
206,StartupWave,https://startupwave.co,OK,DIRECT,200,https://startupwave.co,STARTUPWAVE,OPEN,https://startupwave.co/submit,200,https://startupwave.co/take-action/submit-for-evaluation-action/,,,,2026-08-23 12:56 UTC
207,Super AI Boom,https://superaiboom.com,OK,DIRECT,200,https://superaiboom.com,"High-Impact AI Tools for Work, Creativity, and Automation - Super AI Boom (2026)",OPEN,https://superaiboom.com/get-started,200,https://superaiboom.com/get-started,,,,2026-08-23 12:56 UTC
208,TechPluto,https://techpluto.com,OK,DIRECT,200,https://www.techpluto.com/,Home - TechPluto - Latest Startup & Tech News,OPEN,https://www.techpluto.com/submit-startup/,200,https://www.techpluto.com/submit-startup/,,,,2026-08-23 12:56 UTC
209,That App Show,https://thatappshow.com,OK,DIRECT,200,https://thatappshow.com,Apps and Software Products Worth Discovering - That App Show (2026),OPEN,https://thatappshow.com/get-started,200,https://thatappshow.com/get-started,,,,2026-08-23 12:56 UTC
210,The App Tools,https://theapptools.com,OK,DIRECT,200,https://theapptools.com,AI Applications for Practical Work and Daily Output - The App Tools (2026),OPEN,https://theapptools.com/get-started,200,https://theapptools.com/get-started,,,,2026-08-23 12:56 UTC
211,The Core Tools,https://thecoretools.com,OK,DIRECT,200,https://thecoretools.com,Core Software Tools for Productive Work and Team Operations - The Core Tools (2026),OPEN,https://thecoretools.com/get-started,200,https://thecoretools.com/get-started,,,,2026-08-23 12:56 UTC
212,The Key Tools,https://thekeytools.com,OK,DIRECT,200,https://thekeytools.com,"Essential AI Tools for Work, Research, and Productivity - The Key Tools (2026)",OPEN,https://thekeytools.com/get-started,200,https://thekeytools.com/get-started,,,,2026-08-23 12:56 UTC
213,The Mega Tools,https://themegatools.com,OK,DIRECT,200,https://themegatools.com,A Broad Software Tools Directory Across Major Categories - The Mega Tools (2026),OPEN,https://themegatools.com/get-started,200,https://themegatools.com/get-started,,,,2026-08-23 12:56 UTC
214,The Startup Pitch,https://thestartuppitch.com,UNREACHABLE,DIRECT,0,https://thestartuppitch.com,,UNKNOWN,,0,,,Yes,"URLError: <urlopen error [SSL: CERTIFICATE_VERIFY_FAILED] certificate verify failed: Hostname mismatch, certificate is not valid for 'thestartuppitch.com'. (_ssl.c:1000)>; No verified public submit entry found",2026-08-23 12:56 UTC
215,Tiny Tool Hub,https://tinytoolhub.com,OK,DIRECT,200,https://tinytoolhub.com,Useful Lightweight Tools for Focused Work and Small Teams - Tiny Tool Hub (2026),OPEN,https://tinytoolhub.com/get-started,200,https://tinytoolhub.com/get-started,,,,2026-08-23 12:56 UTC
216,TinyLaunch,https://www.tinylaunch.com,OK,DIRECT,200,https://www.tinylaunch.com,TinyLaunch - Product Launch Platform,STALE,https://www.tinylaunch.com/submit,200,https://www.tinylaunch.com/login?returnTo=%2Fsubmit,,,,2026-08-23 12:56 UTC
217,TinyLaunchpad,https://tinylaunchpad.com,OK,DIRECT,200,https://tinylaunchpad.com,TinyLaunchpad - Discover the Best Tech Products,AUTH_REQUIRED,https://tinylaunchpad.com/projects/submit,200,https://tinylaunchpad.com/sign-in?redirect=/projects/submit,Yes,,,2026-08-23 12:56 UTC
218,Tool Finddir,https://toolfinddir.com,OK,DIRECT,200,https://toolfinddir.com,"Find AI Tools by Category, Pricing, and Workflow Need - Tool Find Dir (2026)",OPEN,https://toolfinddir.com/get-started,200,https://toolfinddir.com/get-started,,,,2026-08-23 12:56 UTC
219,Tool Journey,https://tooljourney.com,OK,DIRECT,200,https://tooljourney.com,"Software Tools for Planning, Execution, and Professional Work - Tool Journey (2026)",OPEN,https://tooljourney.com/get-started,200,https://tooljourney.com/get-started,,,,2026-08-23 12:56 UTC
220,Tool Prism,https://toolprism.com,OK,DIRECT,200,https://toolprism.com,Compare AI Tools Through Clear Categories and Use Cases - Tool Prism (2026),OPEN,https://toolprism.com/get-started,200,https://toolprism.com/get-started,,,,2026-08-23 12:56 UTC
221,Tool Signal,https://toolsignal.com,OK,DIRECT,200,https://toolsignal.com,High-Signal Software Tools for Teams and Workflows - Tool Signal (2026),OPEN,https://toolsignal.com/get-started,200,https://toolsignal.com/get-started,,,,2026-08-23 12:56 UTC
222,ToolDB,https://tooldb.dev,UNREACHABLE,DIRECT,0,https://tooldb.dev,,UNKNOWN,,0,,,Yes,URLError: <urlopen error [Errno -5] No address associated with hostname>; No verified public submit entry found,2026-08-23 12:56 UTC
223,toolfio.com,https://toolfio.com,OK,DIRECT,200,https://toolfio.com,Best SaaS & AI Tools Directory for Builders | Toolfio,OPEN,https://toolfio.com/submit,200,https://toolfio.com/submit,,,,2026-08-23 12:56 UTC
224,Toolfolio,https://toolfolio.io,OK,DIRECT,200,https://toolfolio.com/,Toolfolio - All the Tools You Need in One Place,OPEN,https://toolfolio.com/boosted-listing,200,https://toolfolio.com/boosted-listing,,,,2026-08-23 12:56 UTC
225,ToolHive,https://toolhive.io,OK,DIRECT,200,https://compliancehive.eu/nl,"Compliance Tooling MKB: AVG, NIS2 & ISO 27001 | ComplianceHive",UNKNOWN,,0,,,,No verified public submit entry found,2026-08-23 12:56 UTC
226,ToolIndex,https://toolindex.co,UNREACHABLE,DIRECT,0,https://toolindex.co,,UNKNOWN,,0,,,Yes,URLError: <urlopen error [Errno -2] Name or service not known>; No verified public submit entry found,2026-08-23 12:56 UTC
227,ToolRadar,https://toolradar.io,OK,DIRECT,200,https://toolradar.io,toolradar.io,UNKNOWN,,0,,,,No verified public submit entry found,2026-08-23 12:56 UTC
228,Tools Cosmos,https://toolcosmos.com,OK,DIRECT,200,https://toolcosmos.com,A Wide-Angle Software Tools Directory Across the Landscape - Tool Cosmos (2026),OPEN,https://toolcosmos.com/get-started,200,https://toolcosmos.com/get-started,,,,2026-08-23 12:56 UTC
229,Tools For Makers,https://toolsformakers.com,OK,DIRECT,200,https://globalpande.ru.com/,GOOD88 - TRẢI NGHIỆM CÁ CƯỢC TẠI GOOD88.COM HOT NHẤT 2025,STALE,https://globalpande.ru.com/submit,404,https://globalpande.ru.com/submit,,,,2026-08-23 12:56 UTC
230,Tools List HQ,https://toolslisthq.com,OK,DIRECT,200,https://toolslisthq.com,"Compare Software Tools by Category, Workflow, and Pricing - Tools List HQ (2026)",OPEN,https://toolslisthq.com/get-started,200,https://toolslisthq.com/get-started,,,,2026-08-23 12:56 UTC
231,Tools Under Radar,https://toolsunderradar.com,OK,DIRECT,200,https://toolsunderradar.com,Underrated Software Tools and Hidden Gems Worth Trying - Tools Under Radar (2026),OPEN,https://toolsunderradar.com/get-started,200,https://toolsunderradar.com/get-started,,,,2026-08-23 12:56 UTC
232,ToolScout,https://toolscout.app,OK,DIRECT,200,https://toolscout.app,"Best AI Tools, SaaS Reviews & Software Guides 2026 | ToolScout",STALE,https://toolscout.app/submit,404,https://toolscout.app/submit,,,,2026-08-23 12:56 UTC
233,Toolspedia,https://toolspedia.io,OK,DIRECT,200,https://toolspedia.io,"ToolsPedia | AI Tools, Apps & Software Directory",OPEN,https://toolspedia.io/submit-tool/,200,https://toolspedia.io/submit-tool/,,,,2026-08-23 12:56 UTC
234,Top Trend Tools,https://toptrendtools.com,OK,DIRECT,200,https://toptrendtools.com,Trending Software Tools Across Work and Productivity - Top Trend Tools (2026),OPEN,https://toptrendtools.com/get-started,200,https://toptrendtools.com/get-started,,,,2026-08-23 12:56 UTC
235,Toshi List,https://toshilist.com,OK,DIRECT,200,https://toshilist.com,Cleanly Curated Software Products for Everyday Discovery - Toshi List (2026),OPEN,https://toshilist.com/get-started,200,https://toshilist.com/get-started,,,,2026-08-23 12:56 UTC
236,Trustiner,https://trustiner.com,OK,DIRECT,200,https://trustiner.com,"Trusted Software Products for Work, Teams, and Operations - Trustiner (2026)",OPEN,https://trustiner.com/get-started,200,https://trustiner.com/get-started,,,,2026-08-23 12:56 UTC
237,Unite List,https://unitelist.com,OK,DIRECT,200,https://unitelist.com,Software Products for Connected Teams and Shared Workflows - Unite List (2026),OPEN,https://unitelist.com/get-started,200,https://unitelist.com/get-started,,,,2026-08-23 12:56 UTC
238,Verified Tools,https://www.verifiedtools.info,OK,DIRECT,200,https://www.verifiedtools.info,Get your tool found — by people and by AI | Verified Tools,OPEN,https://www.verifiedtools.info/submit,200,https://www.verifiedtools.info/submit,,,,2026-08-23 12:56 UTC
239,VerifiedDR,https://verifieddr.com,OK,DIRECT,200,https://verifieddr.com,Find Link Partners. Grow Your Domain Rating. | VerifiedDR,STALE,https://verifieddr.com/submit,404,https://verifieddr.com/submit,,,,2026-08-23 12:56 UTC
240,Viesearch,https://viesearch.com,OK,DIRECT,200,https://viesearch.com,Viesearch - Community Powered Search,OPEN,https://viesearch.com/submit,200,https://viesearch.com/submit,,,,2026-08-23 12:56 UTC
241,We Like Tools,https://weliketools.com,OK,DIRECT,200,https://weliketools.com,Recommended Software Tools Worth Serious Consideration - We Like Tools (2026),OPEN,https://weliketools.com/get-started,200,https://weliketools.com/get-started,,,,2026-08-23 12:56 UTC
242,WebWiki,https://webwiki.com,OK,DIRECT,200,https://www.webwiki.com/,webwiki.com - Webwiki COM,BLOCKED,https://www.webwiki.com/submit,403,https://www.webwiki.com/submit,,Yes,,2026-08-23 12:56 UTC
243,What Launched Today,https://whatlaunched.today,OK,DIRECT,200,https://whatlaunched.today/en,What Launched Today - Discover Latest Startups,AUTH_REQUIRED,https://whatlaunched.today/auth/signup?returnUrl=%2Fdashboard%2Fsubmit,200,https://whatlaunched.today/auth/signup?returnUrl=%2Fdashboard%2Fsubmit,Yes,,,2026-08-23 12:56 UTC
244,TrustMRR,https://trustmrr.com/startup/startup-directory,OK,DIRECT,200,https://trustmrr.com/startup/startup-directory,Startup Directory - $43 last 30 days | TrustMRR,STALE,https://trustmrr.com/submit,404,https://trustmrr.com/submit,,,,2026-08-23 12:56 UTC
245,Fazier,https://fazier.com,OK,DIRECT,200,https://fazier.com,"Fazier – Find your next favourite product, every day.",OPEN,https://fazier.com/submit,200,https://fazier.com/submit,,,,2026-08-23 12:56 UTC
246,Peerlist,https://peerlist.io,OK,DIRECT,200,https://peerlist.io,Peerlist | The Professional Network for builders to show and tell!,STALE,https://peerlist.io/submit,404,https://peerlist.io/submit,,,,2026-08-23 12:56 UTC
247,AIxploria,https://www.aixploria.com,OK,DIRECT,200,https://www.aixploria.com/en/,AI Tools Directory & List of Best Free AI by Category (Top 10) | AIxploria,OPEN,https://www.aixploria.com/en/add-ai/,200,https://www.aixploria.com/en/featured-on-aixploria/#submit,,,,2026-08-23 12:56 UTC
248,LaunchIgniter,https://launchigniter.com,OK,DIRECT,200,https://launchigniter.com,LaunchIgniter - Discover and Launch Amazing Products,OPEN,https://launchigniter.com/submit-directories,200,https://launchigniter.com/submit-directories,,,,2026-08-23 12:56 UTC
249,FoundrList,https://www.foundrlist.com,OK,DIRECT,200,https://www.foundrlist.com,FoundrList — The Social Network for Founders & Startup Builders,OPEN,https://www.foundrlist.com/submit,200,https://www.foundrlist.com/submit,,,,2026-08-23 12:56 UTC
250,Software Advice,https://www.softwareadvice.com,BLOCKED,CLOAK_FAILED,403,https://www.softwareadvice.com/,Just a moment...,BLOCKED,https://www.softwareadvice.com/submit,403,https://www.softwareadvice.com/submit,,Yes,just a moment,2026-08-23 12:56 UTC
251,Appscribed,https://appscribed.com/product-list/,OK,DIRECT,200,https://appscribed.com/submit-ai-tool/,Submit AI Tool - $49 Permanent Listing & Review | Appscribed,OPEN,https://appscribed.com/submit-ai-tool/,200,https://appscribed.com/submit-ai-tool/,,,,2026-08-23 12:56 UTC
