Source Row,Social,Profile URL,Profile Status,Access Method,HTTP,Final URL,Page Title,Historical Submit,Submit Classification,Current Signup Status,Signup URL,Signup HTTP,Auth Required,Needs VPN,Notes,Verified At
13,Twitter.com,https://x.com/fbmaimeagent,OK,DIRECT,200,https://x.com/fbmaimeagent,Footballmaimeagent.com (@fbmaimeagent) / X,Yes - submitted 19/8,YES - EXISTING PROFILE,AUTH_REQUIRED,https://x.com/i/jf/onboarding/web?mode=signup&redirect_after_login=%2Ffbmaimeagent,200,Yes,,,2026-08-23 12:56 UTC
14,pinterest.com,https://www.pinterest.com/footballmaimeagent/,OK,DIRECT,200,https://www.pinterest.com/footballmaimeagent/,,Yes - submitted 19/8,YES - EXISTING PROFILE,OPEN,https://www.pinterest.com/sign-up,200,,,,2026-08-23 12:56 UTC
15,twitch.tv,https://www.twitch.tv/footballmaimeagent,OK,DIRECT,200,https://www.twitch.tv/footballmaimeagent,Twitch,Yes - submitted 19/8,YES - EXISTING PROFILE,STALE,https://www.twitch.tv/signup,200,,,,2026-08-23 12:56 UTC
16,youtube.com,https://www.youtube.com/@footballmaimeagent,OK,DIRECT,200,https://www.youtube.com/@footballmaimeagent,,Yes - submitted 19/8,YES - EXISTING PROFILE,OPEN,https://www.youtube.com/register,200,,,,2026-08-23 12:56 UTC
17,reddit.com,https://www.reddit.com/user/footballmaimeagent/,BLOCKED,CLOAK_FAILED,403,https://www.reddit.com/user/footballmaimeagent/,,Yes - submitted 19/8,YES - CURRENT ENTRY,OPEN,https://www.reddit.com/register,200,,Yes,blocked by network security,2026-08-23 12:56 UTC
18,500px.com,https://500px.com/p/footballmaimeagent,OK,DIRECT,200,https://500px.com/p/footballmaimeagent,500px,Yes - submitted 19/8,YES - EXISTING PROFILE,UNKNOWN,,0,,,,2026-08-23 12:56 UTC
19,about.me,https://about.me/footballmaimeagent,DEAD,DIRECT,404,https://about.me/footballmaimeagent,about.me,Yes - submitted 19/8,PAST YES / NOW DEAD,AUTH_REQUIRED,https://about.me/signup/email,200,Yes,,HTTP 404,2026-08-23 12:56 UTC
20,vimeo.com,https://vimeo.com/footballmaimeagent,OK,DIRECT,200,https://vimeo.com/footballmaimeagent,Footballmaimeagent.com,Yes - submitted 19/8,YES - EXISTING PROFILE,OPEN,https://vimeo.com/join,200,,,,2026-08-23 12:56 UTC
21,gravatar.com,https://gravatar.com/footballmaimeagent,OK,DIRECT,200,https://gravatar.com/footballmaimeagent,Footballmaimeagent.com | Gravatar,Yes - submitted 19/8,YES - EXISTING PROFILE,BLOCKED,https://gravatar.com/connect?gravatar_from=signup,403,,Yes,,2026-08-23 12:56 UTC
22,myspace.com,https://myspace.com/footballmaimeagent,OK,DIRECT,200,https://myspace.com/footballmaimeagent,Footballmaimeagent com (footballmaimeagent) on Myspace,Yes - submitted 19/8,YES - EXISTING PROFILE,AUTH_REQUIRED,https://myspace.com/signup,200,Yes,,,2026-08-23 12:56 UTC
23,instapaper.com,https://www.instapaper.com/p/fbmaimeagent,OK,DIRECT,200,https://www.instapaper.com/p/fbmaimeagent,Instapaper,Yes - submitted 19/8,YES - EXISTING PROFILE,UNKNOWN,,0,,,,2026-08-23 12:56 UTC
24,medium.com,https://medium.com/@footballmaimeagent,BLOCKED,CLOAK_FAILED,403,https://medium.com/@footballmaimeagent,Just a moment...,Yes - submitted 19/8,BLOCKED,BLOCKED,https://medium.com/signup,403,,Yes,just a moment,2026-08-23 12:56 UTC
25,Substance3d.Adobe.Com,https://substance3d.adobe.com/community-assets/profile/org.adobe.user:079881196A82CB880A495C83@AdobeID,OK,DIRECT,200,https://substance3d.adobe.com/community-assets/profile/org.adobe.user:079881196A82CB880A495C83@AdobeID,Substance 3D Community Assets,Yes - submitted 19/8,YES - EXISTING PROFILE,UNKNOWN,,0,,,,2026-08-23 12:56 UTC
26,Webflow.Io,https://footballmaimeagent.webflow.io/,OK,DIRECT,200,https://footballmaimeagent.webflow.io/,footballmaimeagent,Yes - submitted 19/8,YES - EXISTING PROFILE,STALE,https://footballmaimeagent.webflow.io/signup,404,,,,2026-08-23 12:56 UTC
27,Bit.Ly,https://bit.ly/m/footballmaimeagent,OK,DIRECT,200,https://bit.ly/m/footballmaimeagent,Footballmaimeagent.com - Landing Page,Yes - submitted 19/8,YES - EXISTING PROFILE,OPEN,https://bitly.com/pages/pricing,200,,,,2026-08-23 12:56 UTC
28,Issuu.Com,https://issuu.com/footballmaimeagent,OK,DIRECT,200,https://issuu.com/footballmaimeagent,footballmaimeagent Publisher Publications - Issuu,Yes - submitted 19/8,YES - EXISTING PROFILE,AUTH_REQUIRED,https://issuu.com/signup?referrer=header,200,Yes,,,2026-08-23 12:56 UTC
29,B.Hatena.Ne.Jp,https://b.hatena.ne.jp/footballmaimeagent/bookmark,OK,DIRECT,200,https://b.hatena.ne.jp/footballmaimeagent/bookmark,footballmaimeagentのブックマーク - はてなブックマーク,Yes - submitted 19/8,YES - EXISTING PROFILE,AUTH_REQUIRED,https://www.hatena.ne.jp/register?location=https%3A%2F%2Fb.hatena.ne.jp%2F%3Fregistered_from%3Dglobal-header&via=201037,200,Yes,,,2026-08-23 12:56 UTC
30,Disqus.Com,https://disqus.com/by/footballmaimeagent/about/,OK,DIRECT,200,https://disqus.com/by/footballmaimeagent/about/,Disqus Profile - footballmaimeagent,Yes - submitted 19/8,YES - EXISTING PROFILE,OPEN,https://disqus.com/signup,200,,,,2026-08-23 12:56 UTC
31,Form.Jotform.Com,https://form.jotform.com/262281965536062,OK,DIRECT,200,https://form.jotform.com/262281965536062,Footballmaimeagent.com,Yes - submitted 19/8,YES - EXISTING PROFILE,AUTH_REQUIRED,https://www.jotform.com/signup/,200,Yes,,,2026-08-23 12:56 UTC
32,Community.Cisco.Com,https://community.cisco.com/t5/user/viewprofilepage/user-id/2102403,BLOCKED,CLOAK_FAILED,403,https://community.cisco.com/t5/user/viewprofilepage/user-id/2102403,Just a moment...,Yes - submitted 19/8,BLOCKED,BLOCKED,https://community.cisco.com/signup,403,,Yes,just a moment,2026-08-23 12:56 UTC
33,Nicovideo.Jp,https://www.nicovideo.jp/user/145158030,OK,DIRECT,200,https://www.nicovideo.jp/user/145158030,fbmaimeagent - ニコニコ,Yes - submitted 19/8,YES - EXISTING PROFILE,STALE,https://www.nicovideo.jp/signup,404,,,,2026-08-23 12:56 UTC
34,Qna.Habr.Com,https://qna.habr.com/user/footballmaimeagent,OK,DIRECT,200,https://qna.habr.com/user/footballmaimeagent,Пользователь Footballmaimeagent com — Хабр Q&A,Yes - submitted 19/8,YES - EXISTING PROFILE,STALE,https://qna.habr.com/signup,404,,,,2026-08-23 12:56 UTC
35,profile.ameba.jp,https://www.ameba.jp/profile/general/footballmaimeagent/,OK,DIRECT,200,https://www.ameba.jp/profile/general/footballmaimeagent/,Footballmaimeagent.comさんのプロフィールページ,Yes - submitted 19/8,YES - EXISTING PROFILE,AUTH_REQUIRED,https://auth.user.ameba.jp/signup?utm_medium=ameba&utm_source=profile.ameba.jp&client_id=2898454d9cc906ad54ed0a75ebff86c29b18d45b947391c54852d218a1294b13&callback=https://www.ameba.jp&force_ameba_id=true,302,Yes,,,2026-08-23 12:56 UTC
36,Mixcloud.Com,https://www.mixcloud.com/footballmaimeagent/,OK,DIRECT,200,https://www.mixcloud.com/footballmaimeagent/,Footballmaimeagent com | Mixcloud,Yes - submitted 19/8,YES - EXISTING PROFILE,AUTH_REQUIRED,https://www.mixcloud.com/signup/,200,Yes,,,2026-08-23 12:56 UTC
37,Gumroad.Com,https://footballmaimeagent.gumroad.com/,OK,DIRECT,200,https://footballmaimeagent.gumroad.com/,Footballmaimeagent.com,Yes - submitted 19/8,YES - EXISTING PROFILE,STALE,https://footballmaimeagent.gumroad.com/signup,404,,,,2026-08-23 12:56 UTC
38,Tabelog.Com,https://tabelog.com/rvwr/035094785/prof/,OK,DIRECT,200,https://tabelog.com/rvwr/035094785/prof/,footballmaimeagentさんのプロフィール詳細 [食べログ],Yes - submitted 19/8,YES - EXISTING PROFILE,STALE,https://tabelog.com/sign-up,404,,,,2026-08-23 12:56 UTC
39,Ameba.Jp,https://ameblo.jp/footballmaimeagent/entry-12976019066.html,OK,DIRECT,200,https://ameblo.jp/footballmaimeagent/entry-12976019066.html,Footballmaimeagent.com | footballmaimeagentのブログ,Yes - submitted 19/8,YES - EXISTING PROFILE,AUTH_REQUIRED,https://auth.user.ameba.jp/signup?callback=https%3A%2F%2Fwww.ameba.jp&utm_medium=ameba&utm_source=ameblo.jp&utm_campaign=ameba_blog_header_button&force_ameba_id=true,302,Yes,,,2026-08-23 12:56 UTC
40,Yumpu.Com,https://www.yumpu.com/user/footballmaimeagent,OK,DIRECT,200,https://www.yumpu.com/user/footballmaimeagent,free Magazines from FOOTBALLMAIMEAGENT,Yes - submitted 19/8,YES - EXISTING PROFILE,OPEN,https://www.yumpu.com/signup,200,,,,2026-08-23 12:56 UTC
41,Deviantart.Com,https://www.deviantart.com/footballmaimeagent,BLOCKED,CLOAK_FAILED,403,https://www.deviantart.com/footballmaimeagent,ERROR: The request could not be satisfied,Yes - submitted 19/8,YES - CURRENT ENTRY,OPEN,https://www.deviantart.com/join,200,,Yes,HTTP 403,2026-08-23 12:56 UTC
42,Bsky.App,https://bsky.app/profile/fbmaimeagent.bsky.social,OK,DIRECT,200,https://bsky.app/profile/fbmaimeagent.bsky.social,@fbmaimeagent.bsky.social on Bluesky,Yes - submitted 19/8,YES - EXISTING PROFILE,STALE,https://bsky.app/signup,404,,,,2026-08-23 12:56 UTC
43,Hub.Docker.Com,https://hub.docker.com/u/footballmaimeagent,OK,DIRECT,200,https://hub.docker.com/u/footballmaimeagent,footballmaimeagent (Footballmaimeagent com),Yes - submitted 19/8,YES - EXISTING PROFILE,AUTH_REQUIRED,https://app.docker.com/signup,200,Yes,,,2026-08-23 12:56 UTC
44,Sketchfab.Com,https://sketchfab.com/fbmaimeagent,OK,DIRECT,200,https://sketchfab.com/fbmaimeagent,Footballmaimeagent.com (@fbmaimeagent) - Sketchfab,Yes - submitted 19/8,YES - EXISTING PROFILE,AUTH_REQUIRED,https://sketchfab.com/signup,200,Yes,,,2026-08-23 12:56 UTC
45,Public.Tableau.Com,https://public.tableau.com/app/profile/footballmaimeagent.com/viz/Footballmaimeagent_com/Feuille1,OK,DIRECT,200,https://public.tableau.com/app/profile/footballmaimeagent.com/viz/Footballmaimeagent_com/Feuille1,,Yes - submitted 19/8,YES - EXISTING PROFILE,STALE,https://public.tableau.com/signup,404,,,,2026-08-23 12:56 UTC
46,comicvine.gamespot.com,https://comicvine.gamespot.com/profile/fbmaimeagent/,BLOCKED,CLOAK_FAILED,403,https://comicvine.gamespot.com/profile/fbmaimeagent/,Just a moment...,Yes - submitted 19/8,BLOCKED,BLOCKED,https://comicvine.gamespot.com/signup,403,,Yes,just a moment,2026-08-23 12:56 UTC
47,Myanimelist.Net,https://myanimelist.net/profile/fbmaimeagent,OK,DIRECT,200,https://myanimelist.net/profile/fbmaimeagent,fbmaimeagent's Profile - MyAnimeList.net,Yes - submitted 19/8,YES - EXISTING PROFILE,AUTH_REQUIRED,https://myanimelist.net/register.php?from=%2Fprofile%2Ffbmaimeagent%23lastcomment,200,Yes,,,2026-08-23 12:56 UTC
48,Godaddysites.Com,https://site-42eydj213.godaddysites.com/,OK,DIRECT,200,https://site-42eydj213.godaddysites.com/,Footballmaimeagent.com,Yes - submitted 19/8,YES - EXISTING PROFILE,STALE,https://site-42eydj213.godaddysites.com/signup,404,,,,2026-08-23 12:56 UTC
49,intensedebate.com,https://www.intensedebate.com/profiles/footballmaimeagent,OK,DIRECT,200,https://www.intensedebate.com/profiles/footballmaimeagent,IntenseDebate - Footballmaimeagent,Yes - submitted 19/8,YES - EXISTING PROFILE,AUTH_REQUIRED,https://www.intensedebate.com/signup,200,Yes,,,2026-08-23 12:56 UTC
50,S.Id,https://s.id/footballmaimeagent,OK,DIRECT,200,https://s.id/footballmaimeagent,Footballmaimeagent.com,Yes - submitted 19/8,YES - EXISTING PROFILE,AUTH_REQUIRED,https://dash.s.id/auth/register,200,Yes,,,2026-08-23 12:56 UTC
51,Tawk.To,https://tawk.to/footballmaimeagent,OK,DIRECT,200,https://tawk.to/footballmaimeagent,Tawk to Footballmaimeagent.com,Yes - submitted 19/8,YES - EXISTING PROFILE,AUTH_REQUIRED,https://dashboard.tawk.to/signup,200,Yes,,,2026-08-23 12:56 UTC
52,Vc.Ru,https://vc.ru/id6080863,OK,DIRECT,200,https://vc.ru/id6080863,Footballmaimeagent com @id6080863 — блог на vc.ru,Yes - submitted 19/8,YES - EXISTING PROFILE,STALE,https://vc.ru/signup,404,,,,2026-08-23 12:56 UTC
53,gitbook.io,https://footballmaimeagent.gitbook.io/footballmaimeagent-docs/,OK,DIRECT,200,https://footballmaimeagent.gitbook.io/footballmaimeagent-docs,Footballmaimeagent.com | footballmaimeagent Docs,Yes - submitted 19/8,YES - EXISTING PROFILE,STALE,https://footballmaimeagent.gitbook.io/signup,404,,,,2026-08-23 12:56 UTC
54,telegra.ph,https://telegra.ph/Footballmaimeagentcom-08-18,OK,DIRECT,200,https://telegra.ph/Footballmaimeagentcom-08-18,Footballmaimeagent.com – Telegraph,Yes - submitted 19/8,YES - EXISTING PROFILE,STALE,https://telegra.ph/signup,404,,,,2026-08-23 12:56 UTC
55,pbase.com,https://pbase.com/footballmaimeagent,OK,DIRECT,200,https://pbase.com/footballmaimeagent,Footballmaimeagent com's Photo Galleries at pbase.com,Yes - submitted 19/8,YES - EXISTING PROFILE,AUTH_REQUIRED,https://pbase.com/register,200,Yes,,,2026-08-23 12:56 UTC
56,Website.Informer.Com,https://website.informer.com/footballmaimeagent.com,OK,DIRECT,200,https://website.informer.com/footballmaimeagent.com,footballmaimeagent.com at WI. แทงบอลออนไลน์กับเว็บตรง ไม่ผ่านเอเย่นต์ ที่ดีที่สุดในไทย,Yes - submitted 19/8,YES - EXISTING PROFILE,STALE,https://website.informer.com/signup,404,,,,2026-08-23 12:56 UTC
57,Tistory.Com,https://footballmaimeagent.tistory.com/1,OK,DIRECT,200,https://footballmaimeagent.tistory.com/1,Footballmaimeagent.com,Yes - submitted 19/8,YES - EXISTING PROFILE,STALE,https://footballmaimeagent.tistory.com/signup,404,,,,2026-08-23 12:56 UTC
58,Beacons.Ai,https://beacons.ai/footballmaimeagent,BLOCKED,CLOAK_FAILED,403,https://beacons.ai/footballmaimeagent,Just a moment...,Yes - submitted 19/8,BLOCKED,BLOCKED,https://beacons.ai/signup,403,,Yes,just a moment,2026-08-23 12:56 UTC
59,3dwarehouse.Sketchup.Com,https://3dwarehouse.sketchup.com/by/footballmaimeagent,OK,DIRECT,200,https://3dwarehouse.sketchup.com/by/footballmaimeagent,3D Warehouse,Yes - submitted 19/8,YES - EXISTING PROFILE,UNKNOWN,,0,,,,2026-08-23 12:56 UTC
60,Pxhere.Com,https://pxhere.com/en/photographer-me/5107398,OK,DIRECT,200,https://pxhere.com/en/photographer-me/5107398,Footballmaimeagent com - Free Images & Free stock photos - PxHere,Yes - submitted 19/8,YES - EXISTING PROFILE,AUTH_REQUIRED,https://pxhere.com/en/signup,200,Yes,,,2026-08-23 12:56 UTC
61,Bitchute.Com,https://www.bitchute.com/channel/fSchfr6WBEto,OK,DIRECT,200,https://www.bitchute.com/channel/fSchfr6WBEto,Footballmaimeagent.com,Yes - submitted 19/8,YES - EXISTING PROFILE,UNKNOWN,,0,,,,2026-08-23 12:56 UTC
62,coub.com,https://coub.com/avery-rhodes,OK,DIRECT,200,https://coub.com/avery-rhodes,Footballmaimeagent.com - Channel on Coub,Yes - submitted 19/8,YES - EXISTING PROFILE,OPEN,https://twitter.com/coub?utm_source=coub_web&utm_medium=side_menu&utm_campaign=join_our_smm,200,,,,2026-08-23 12:56 UTC
63,Tumblr.Com,https://www.tumblr.com/footballmaimeagent,OK,DIRECT,200,https://www.tumblr.com/footballmaimeagent,@footballmaimeagent on Tumblr,Yes - submitted 19/8,YES - EXISTING PROFILE,STALE,https://www.tumblr.com/signup,200,,,,2026-08-23 12:56 UTC
64,Heylink.Me,https://heylink.me/footballmaimeagent/,OK,DIRECT,200,https://heylink.me/footballmaimeagent/,HeyLink.me | Footballmaimeagent.com,Yes - submitted 19/8,YES - EXISTING PROFILE,BLOCKED,https://heylink.me/signup/?lng=en_US,403,,Yes,,2026-08-23 12:56 UTC
65,Muckrack.Com,https://muckrack.com/footballmaimeagent-com/bio,OK,CLOAK,200,https://muckrack.com/footballmaimeagent-com/bio,Footballmaimeagent com’s Biography | Muck Rack,Yes - submitted 19/8,YES - EXISTING PROFILE,BLOCKED,https://muckrack.com/signup,403,,Yes,,2026-08-23 12:56 UTC
66,Symbaloo.Com,https://www.symbaloo.com/shared/AAAABxKMwqQAA42AShdBag==,OK,DIRECT,200,https://www.symbaloo.com/shared/AAAABxKMwqQAA42AShdBag==,My Webmix - Symbaloo Library,Yes - submitted 19/8,YES - EXISTING PROFILE,OPEN,https://www.symbaloo.com/signup,200,,,,2026-08-23 12:56 UTC
67,Devpost.Com,https://devpost.com/footballmaimeagent,OK,DIRECT,200,https://devpost.com/footballmaimeagent,Footballmaimeagent com's (footballmaimeagent) software portfolio | Devpost,Yes - submitted 19/8,YES - EXISTING PROFILE,AUTH_REQUIRED,https://secure.devpost.com/users/register?ref_content=signup_global_nav&ref_feature=signup&ref_medium=button,200,Yes,,,2026-08-23 12:56 UTC
68,Bio.Site,https://bio.site/footballmaimeagent,OK,DIRECT,200,https://bio.site/footballmaimeagent,Footballmaimeagent.com — Bio Sites,Yes - submitted 19/8,YES - EXISTING PROFILE,OPEN,https://biosites.com/editor,200,,,,2026-08-23 12:56 UTC
69,Audiomack.Com,https://audiomack.com/footballmaimeagent,OK,DIRECT,200,https://audiomack.com/footballmaimeagent,Footballmaimeagent.com - Listen Free on Audiomack,Yes - submitted 19/8,YES - EXISTING PROFILE,OPEN,https://audiomack.com/signup,200,,,,2026-08-23 12:56 UTC
70,App.Readthedocs.Org,https://app.readthedocs.org/profiles/footballmaimeagent/,OK,DIRECT,200,https://app.readthedocs.org/profiles/footballmaimeagent/,footballmaimeagent's profile - Read the Docs Community,Yes - submitted 19/8,YES - EXISTING PROFILE,BLOCKED,https://app.readthedocs.org/accounts/signup/,403,,Yes,,2026-08-23 12:56 UTC
71,Gta5-Mods.Com,https://www.gta5-mods.com/users/footballmaimeagent,OK,DIRECT,200,https://www.gta5-mods.com/users/footballmaimeagent,GTA 5 Mods by footballmaimeagent - GTA5-Mods.com,Yes - submitted 19/8,YES - EXISTING PROFILE,AUTH_REQUIRED,https://www.gta5-mods.com/register?r=/users/footballmaimeagent,200,Yes,,,2026-08-23 12:56 UTC
72,Magcloud.Com,https://www.magcloud.com/user/footballmaimeagent,OK,DIRECT,200,https://www.magcloud.com/user/footballmaimeagent,Footballmaimeagent com | MagCloud,Yes - submitted 19/8,YES - EXISTING PROFILE,AUTH_REQUIRED,https://www.magcloud.com/signup,200,Yes,,,2026-08-23 12:56 UTC
73,Mez.Ink,https://mez.ink/footballmaimeagent,OK,DIRECT,200,https://mez.ink/footballmaimeagent,Footballmaimeagent.com (footballmaimeagent) | Mezink,Yes - submitted 19/8,YES - EXISTING PROFILE,OPEN,https://mez.ink/signup,200,,,,2026-08-23 12:56 UTC
74,Lynk.Id,https://lynk.id/footballmaimeagent,OK,DIRECT,200,https://lynk.id/footballmaimeagent,| footballmaimeagent,Yes - submitted 19/8,YES - EXISTING PROFILE,AUTH_REQUIRED,https://lynk.id/register,200,Yes,,,2026-08-23 12:56 UTC
75,Weddingbee.Com,https://www.weddingbee.com/members/footballmaimeagent/,OK,DIRECT,200,https://www.weddingbee.com/members/footballmaimeagent/,footballmaimeagent,Yes - submitted 19/8,YES - EXISTING PROFILE,AUTH_REQUIRED,https://www.weddingbee.com/register/,200,Yes,,,2026-08-23 12:56 UTC
76,Elephantjournal.Com,https://www.elephantjournal.com/profile/footballmaimeagent/,OK,DIRECT,200,https://www.elephantjournal.com/profile/footballmaimeagent/,Elephant Journal,Yes - submitted 19/8,YES - EXISTING PROFILE,AUTH_REQUIRED,https://www.elephantjournal.com/ele-login/?action=register,200,Yes,,,2026-08-23 12:56 UTC
77,stes.tyc.edu.tw,http://www.stes.tyc.edu.tw/xoops/modules/profile/userinfo.php?uid=4031899,OK,DIRECT,200,http://www.stes.tyc.edu.tw/xoops/modules/profile/userinfo.php?uid=4031899,桃園市上大國民小學 - fbmaimeage 的帳號內容,Yes - submitted 19/8,YES - EXISTING PROFILE,AUTH_REQUIRED,http://www.stes.tyc.edu.tw/xoops/register.php,200,Yes,,,2026-08-23 12:56 UTC
78,Sites.Google.Com,https://sites.google.com/view/footballmaimeagent/,OK,DIRECT,200,https://sites.google.com/view/footballmaimeagent/,Footballmaimeagent.com,Yes - submitted 19/8,YES - EXISTING PROFILE,STALE,https://sites.google.com/signup,404,,,,2026-08-23 12:56 UTC
79,Wordpress.Com,https://footballmaimeagent.wordpress.com/,OK,DIRECT,200,https://footballmaimeagent.wordpress.com/,Footballmaimeagent.com,Yes - submitted 19/8,YES - EXISTING PROFILE,BLOCKED,https://wordpress.com/log-in?redirect_to=https%3A%2F%2Ffootballmaimeagent.wordpress.com%2F2026%2F08%2F18%2Fhello-world%2F&signup_flow=account,403,,Yes,,2026-08-23 12:56 UTC
80,Mystrikingly.Com,https://footballmaimeagent.mystrikingly.com/,OK,DIRECT,200,https://footballmaimeagent.mystrikingly.com/,Footballmaimeagent.com on Strikingly,Yes - submitted 19/8,YES - EXISTING PROFILE,STALE,https://footballmaimeagent.mystrikingly.com/signup,404,,,,2026-08-23 12:56 UTC
81,Mypixieset.Com,https://footballmaimeagent.mypixieset.com/,OK,DIRECT,200,https://footballmaimeagent.mypixieset.com/,footballmaimeagent,Yes - submitted 19/8,YES - EXISTING PROFILE,STALE,https://footballmaimeagent.mypixieset.com/signup,404,,,,2026-08-23 12:56 UTC
82,profile.hatena.ne.jp,https://profile.hatena.ne.jp/footballmaimeagent/profile,OK,DIRECT,200,https://profile.hatena.ne.jp/footballmaimeagent/profile,footballmaimeagent's Profile - Hatena,Yes - submitted 19/8,YES - EXISTING PROFILE,AUTH_REQUIRED,https://www.hatena.ne.jp/register?location=https%3A%2F%2Fprofile.hatena.ne.jp%3A443%2Ffootballmaimeagent%2Fprofile&via=201020,200,Yes,,,2026-08-23 12:56 UTC
83,site123.me,https://6a83f9564d481.site123.me/,OK,DIRECT,202,https://6a83f9564d481.site123.me/,,Yes - submitted 19/8,YES - EXISTING PROFILE,UNKNOWN,,0,,,,2026-08-23 12:56 UTC
84,community.cloudera.com,https://community.cloudera.com/t5/user/viewprofilepage/user-id/169113,BLOCKED,CLOAK_FAILED,403,https://community.cloudera.com/t5/user/viewprofilepage/user-id/169113,Just a moment...,Yes - submitted 19/8,BLOCKED,BLOCKED,https://community.cloudera.com/signup,403,,Yes,just a moment,2026-08-23 12:56 UTC
85,Allmylinks.Com,https://allmylinks.com/footballmaimeagent,OK,DIRECT,200,https://allmylinks.com/footballmaimeagent,Footballmaimeagent.com (@footballmaimeagent) | AllMyLinks,Yes - submitted 19/8,YES - EXISTING PROFILE,OPEN,https://allmylinks.com/,200,,,,2026-08-23 12:56 UTC
86,Gifyu.Com,https://gifyu.com/fbmaimeagent,OK,DIRECT,200,https://gifyu.com/fbmaimeagent,Footballmaimeagent com (fbmaimeagent) - Gifyu,Yes - submitted 19/8,YES - EXISTING PROFILE,AUTH_REQUIRED,https://gifyu.com/signup,200,Yes,,,2026-08-23 12:56 UTC
87,Profiles.Xero.Com,https://profiles.xero.com/people/footballmaimeagent,OK,DIRECT,200,https://profiles.xero.com/people/footballmaimeagent,Xero | Footballmaimeagent com,Yes - submitted 19/8,YES - EXISTING PROFILE,STALE,https://profiles.xero.com/signup,404,,,,2026-08-23 12:56 UTC
88,Walkscore.Com,https://www.walkscore.com/people/224924043016/footballmaimeagent-com,OK,DIRECT,200,https://www.walkscore.com/people/224924043016/footballmaimeagent-com,Footballmaimeagent.com on Walk Score,Yes - submitted 19/8,YES - EXISTING PROFILE,STALE,https://www.walkscore.com/signup,404,,,,2026-08-23 12:56 UTC
89,Wallhaven.Cc,https://wallhaven.cc/user/fbmaimeagent,OK,DIRECT,200,https://wallhaven.cc/user/fbmaimeagent,fbmaimeagent's Profile - wallhaven.cc,Yes - submitted 19/8,YES - EXISTING PROFILE,BLOCKED,https://wallhaven.cc/join,403,,Yes,,2026-08-23 12:56 UTC
90,Speedrun.Com,https://www.speedrun.com/users/footballmaimeagent,OK,CLOAK,200,https://www.speedrun.com/users/footballmaimeagent,footballmaimeagent - Speedrun.com,Yes - submitted 19/8,YES - EXISTING PROFILE,BLOCKED,https://www.speedrun.com/signup,403,,Yes,,2026-08-23 12:56 UTC
91,Warriorforum.Com,https://www.warriorforum.com/members/footballmaimeagent.html,OK,DIRECT,200,https://www.warriorforum.com/members/footballmaimeagent.html,footballmaimeagent | Warrior Forum,Yes - submitted 19/8,YES - EXISTING PROFILE,AUTH_REQUIRED,https://www.warriorforum.com/signup,200,Yes,,,2026-08-23 12:56 UTC
92,Joy.Link,https://joy.link/footballmaimeagent,OK,DIRECT,200,https://joy.link/footballmaimeagent,@footballmaimeagent | joy.link,Yes - submitted 19/8,YES - EXISTING PROFILE,OPEN,https://joy.link/signup,200,,,,2026-08-23 12:56 UTC
93,Users.Atw.Hu,http://users.atw.hu/nlw/profile.php?mode=viewprofile&u=38581,OK,DIRECT,200,http://users.atw.hu/nlw/profile.php?mode=viewprofile&u=38581,NLW // Profil megtekintse,Yes - submitted 19/8,YES - EXISTING PROFILE,AUTH_REQUIRED,http://users.atw.hu/nlw/profile.php?mode=register&sid=66b2d47ad3f1f9b0274bf898b908df69,200,Yes,,,2026-08-23 12:56 UTC
94,Giveawayoftheday.Com,https://www.giveawayoftheday.com/forums/profile/2074905,OK,DIRECT,200,https://www.giveawayoftheday.com/forums/profile/2074905,footballmaimeagent « Giveaway of the Day Forums,Yes - submitted 19/8,YES - EXISTING PROFILE,AUTH_REQUIRED,https://www.giveawayoftheday.com/forums/register.php,200,Yes,,,2026-08-23 12:56 UTC
95,pozible.com,https://www.pozible.com/profile/footballmaimeagentcom,OK,DIRECT,200,https://www.pozible.com/profile/footballmaimeagentcom,,Yes - submitted 19/8,YES - EXISTING PROFILE,UNKNOWN,,0,,,,2026-08-23 12:56 UTC
96,Stocktwits.Com,https://stocktwits.com/footballmaimeagent,OK,CLOAK,200,https://stocktwits.com/footballmaimeagent,Footballmaimeagent.com (@footballmaimeagent) | Stocktwits,Yes - submitted 19/8,YES - EXISTING PROFILE,OPEN,https://stocktwits.com/signup,200,,,,2026-08-23 12:56 UTC
97,amebaownd.com,https://footballmaimeagent.amebaownd.com/,OK,DIRECT,200,https://footballmaimeagent.amebaownd.com/,,Yes - submitted 19/8,YES - EXISTING PROFILE,STALE,https://footballmaimeagent.amebaownd.com/signup,404,,,,2026-08-23 12:56 UTC
98,Myminifactory.Com,https://www.myminifactory.com/users/footballmaimeagent,OK,DIRECT,200,https://www.myminifactory.com/users/footballmaimeagent,Footballmaimeagent.com @footballmaimeagent - MyMiniFactory,Yes - submitted 19/8,YES - EXISTING PROFILE,OPEN,https://www.myminifactory.com/register,200,,,,2026-08-23 12:56 UTC
99,Potofu.Me,https://potofu.me/footballmaimeagent,BLOCKED,CLOAK_FAILED,429,https://potofu.me/footballmaimeagent,Vercel Security Checkpoint,Yes - submitted 19/8,BLOCKED,BLOCKED,https://potofu.me/signup,429,,Yes,HTTP 429,2026-08-23 12:56 UTC
100,Pinshape.Com,https://pinshape.com/users/9040861-footballmaimeagent,OK,DIRECT,200,https://pinshape.com/users/9040861-footballmaimeagent,footballmaimeagent - Pinshape,Yes - submitted 19/8,YES - EXISTING PROFILE,AUTH_REQUIRED,https://pinshape.com/auth/register,200,Yes,,,2026-08-23 12:56 UTC
101,Allmy.Bio,https://allmy.bio/footballmaimeagent,OK,DIRECT,200,https://allmy.bio/footballmaimeagent,footballmaimeagent - AllMy•Bio,Yes - submitted 19/8,YES - EXISTING PROFILE,AUTH_REQUIRED,https://onlylinks.com/register?o=22,200,Yes,,,2026-08-23 12:56 UTC
102,skypixel.com,https://www.skypixel.com/users/djiuser-5kgx4koihm5m,OK,DIRECT,200,https://www.skypixel.com/users/djiuser-5kgx4koihm5m,The world's biggest drone photo and video sharing platform | SkyPixel.com,Yes - submitted 19/8,YES - EXISTING PROFILE,OPEN,https://www.skypixel.com/signup,200,,,,2026-08-23 12:56 UTC
103,Talkshoe.Com,https://app.talkshoe.com/user/footballmaimeagent,OK,DIRECT,200,https://app.talkshoe.com/user/footballmaimeagent,TalkShoe - Free Podcast Platform | Best Podcast Hosting,Yes - submitted 19/8,YES - EXISTING PROFILE,STALE,https://app.talkshoe.com/signup,404,,,,2026-08-23 12:56 UTC
104,biolinky.co,https://biolinky.co/footballmaimeagent,OK,DIRECT,200,https://biolinky.co/footballmaimeagent,Footballmaimeagent.com - Biolinky,Yes - submitted 19/8,YES - EXISTING PROFILE,AUTH_REQUIRED,https://biolinky.co/signup,200,Yes,,,2026-08-23 12:56 UTC
105,digiphoto.techbang.com,https://digiphoto.techbang.com/users/footballmaimeagent,OK,DIRECT,200,https://digiphoto.techbang.com/users/footballmaimeagent,關於 Footballmaimeagent.com | DIGIPHOTO,Yes - submitted 19/8,YES - EXISTING PROFILE,AUTH_REQUIRED,https://i.techbang.com/signup?return_to=https%3A%2F%2Fdigiphoto.techbang.com%2Fusers%2Ffootballmaimeagent,200,Yes,,,2026-08-23 12:56 UTC
106,Anyflip.Com,https://anyflip.com/homepage/lkoco#About,BLOCKED,CLOAK_FAILED,403,https://anyflip.com/homepage/lkoco#About,Just a moment...,Yes - submitted 19/8,BLOCKED,BLOCKED,https://anyflip.com/signup.php,403,,Yes,just a moment,2026-08-23 12:56 UTC
107,Lit.Link,https://lit.link/en/footballmaimeagent,OK,DIRECT,200,https://lit.link/en/footballmaimeagent,Footballmaimeagent.com lit.link,Yes - submitted 19/8,YES - EXISTING PROFILE,STALE,https://lit.link/signup,200,,,,2026-08-23 12:56 UTC
108,Leetcode.Com,https://leetcode.com/u/footballmaimeagent/,BLOCKED,CLOAK_FAILED,403,https://leetcode.com/u/footballmaimeagent/,Just a moment...,Yes - submitted 19/8,BLOCKED,BLOCKED,https://leetcode.com/signup,403,,Yes,just a moment,2026-08-23 12:56 UTC
109,Experiment.Com,https://experiment.com/users/footballmaimeagent,OK,DIRECT,200,https://experiment.com/users/footballmaimeagent,footballmaimeagent | Experiment,Yes - submitted 19/8,YES - EXISTING PROFILE,AUTH_REQUIRED,https://experiment.com/register,200,Yes,,,2026-08-23 12:56 UTC
110,Booklog.Jp,https://booklog.jp/users/fbmaimeagent/profile,OK,DIRECT,202,https://booklog.jp/users/fbmaimeagent/profile,,Yes - submitted 19/8,YES - EXISTING PROFILE,OPEN,https://booklog.jp/signup,200,,,,2026-08-23 12:56 UTC
111,Renderosity.Com,https://www.renderosity.com/users/id:1892528,OK,DIRECT,200,https://www.renderosity.com/users/id:1892528,Renderosity - 3D Models | 3D Software | 3D Art,Yes - submitted 19/8,YES - EXISTING PROFILE,AUTH_REQUIRED,https://www.renderosity.com/register,200,Yes,,,2026-08-23 12:56 UTC
112,Beamng.Com,https://www.beamng.com/members/footballmaimeagent-com.823657/,OK,DIRECT,200,https://www.beamng.com/members/footballmaimeagent-com.823657/,Footballmaimeagent com | BeamNG,Yes - submitted 19/8,YES - EXISTING PROFILE,STALE,https://www.beamng.com/members/footballmaimeagent-com.823657/register/,404,,,,2026-08-23 12:56 UTC
113,able2know.org,https://able2know.org/user/footballmaimeagent/,OK,DIRECT,200,https://able2know.org/user/footballmaimeagent/,footballmaimeagent,Yes - submitted 19/8,YES - EXISTING PROFILE,AUTH_REQUIRED,https://able2know.org/authenticate/register/,200,Yes,,,2026-08-23 12:56 UTC
114,pastelink.net,https://pastelink.net/fbmaimeagent,OK,DIRECT,200,https://pastelink.net/fbmaimeagent,Footballmaimeagent.com - Pastelink.net,Yes - submitted 19/8,YES - EXISTING PROFILE,AUTH_REQUIRED,https://pastelink.net/register,200,Yes,,,2026-08-23 12:56 UTC
115,commu.nosv.org,https://commu.nosv.org/p/fbmaimeagent,OK,DIRECT,200,https://commu.nosv.org/p/fbmaimeagent,fbmaimeagentのプロフィール,Yes - submitted 19/8,YES - EXISTING PROFILE,AUTH_REQUIRED,https://commu.nosv.org/register,200,Yes,,,2026-08-23 12:56 UTC
116,Printables.Com,https://www.printables.com/@footballmaim_5262962,BLOCKED,CLOAK_FAILED,403,https://www.printables.com/@footballmaim_5262962,Just a moment...,Yes - submitted 19/8,BLOCKED,BLOCKED,https://www.printables.com/signup,403,,Yes,just a moment,2026-08-23 12:56 UTC
117,Spigotmc.Org,https://www.spigotmc.org/members/fbmaimeagent.2595226/,OK,DIRECT,200,https://www.spigotmc.org/members/fbmaimeagent.2595226/,fbmaimeagent | SpigotMC - High Performance Minecraft Software,Yes - submitted 19/8,YES - EXISTING PROFILE,STALE,https://www.spigotmc.org/members/fbmaimeagent.2595226/register/,404,,,,2026-08-23 12:56 UTC
118,learningapps.org,https://learningapps.org/watch?v=pzyb1j7ya26,OK,DIRECT,200,https://learningapps.org/watch?v=pzyb1j7ya26,Footballmaimeagent.com,Yes - submitted 19/8,YES - EXISTING PROFILE,STALE,https://learningapps.org/signup,404,,,,2026-08-23 12:56 UTC
119,zzb.bz,https://zzb.bz/fbmaimeagent,OK,DIRECT,200,https://zzb.bz/fbmaimeagent,ZZB.BZ Short URL Service. / URL Information,Yes - submitted 19/8,YES - EXISTING PROFILE,AUTH_REQUIRED,https://zzb.bz/panel/register/login,200,Yes,,,2026-08-23 12:56 UTC
120,Gitee.Com,https://gitee.com/footballmaimeagent,OK,DIRECT,200,https://gitee.com/footballmaimeagent,Footballmaimeagent.com (footballmaimeagent) - Gitee,Yes - submitted 19/8,YES - EXISTING PROFILE,STALE,https://gitee.com/sign-up,200,,,,2026-08-23 12:56 UTC
121,Mountainproject.Com,https://www.mountainproject.com/user/203661004/footballmaimeagent-com,OK,DIRECT,200,https://www.mountainproject.com/user/203661004/footballmaimeagent-com,Footballmaimeagent com on Mountain Project,Yes - submitted 19/8,YES - EXISTING PROFILE,AUTH_REQUIRED,https://www.mountainproject.com/auth/login,200,Yes,,,2026-08-23 12:56 UTC
122,Theyeshivaworld.Com,https://www.theyeshivaworld.com/coffeeroom/users/footballmaimeagent,OK,DIRECT,200,https://www.theyeshivaworld.com/coffeeroom/users/footballmaimeagent,The Yeshiva World,Yes - submitted 19/8,YES - EXISTING PROFILE,BLOCKED,http://www.theyeshivaworld.com/login.php,403,,Yes,,2026-08-23 12:56 UTC
123,En.Islcollective.Com,https://en.islcollective.com/portfolio/12993208,OK,DIRECT,200,https://en.islcollective.com/portfolio/12993208,fbmaimeagent's portfolio - English ESL Worksheets and interactive video lessons for distance learning and physical classrooms,Yes - submitted 19/8,YES - EXISTING PROFILE,STALE,https://en.islcollective.com/signup,404,,,,2026-08-23 12:56 UTC
124,Medibang.Com,https://medibang.com/author/28960328/,OK,DIRECT,202,https://medibang.com/author/28960328/,,Yes - submitted 19/8,YES - EXISTING PROFILE,UNKNOWN,,0,,,,2026-08-23 12:56 UTC
125,brownbook.net,https://www.brownbook.net/business/55419745/footballmaimeagentcom,OK,DIRECT,200,https://www.brownbook.net/business/55419745/footballmaimeagentcom,Footballmaimeagent.com 999/9 ถนนพระราม 1 เขตปทุมวัน กรุงเทพฯ 10330 ประเทศไทย 10330,Yes - submitted 19/8,YES - EXISTING PROFILE,AUTH_REQUIRED,https://www.brownbook.net/login,200,Yes,,,2026-08-23 12:56 UTC
126,Kick.Com,https://kick.com/footballmaimeagent/about,OK,DIRECT,200,https://kick.com/footballmaimeagent/about,,Yes - submitted 19/8,YES - EXISTING PROFILE,OPEN,https://kick.com/signup,200,,,,2026-08-23 12:56 UTC
127,Gettr.Com,https://gettr.com/user/footballmaimeagent,OK,DIRECT,200,https://gettr.com/user/footballmaimeagent,Footballmaimeagent.com on GETTR - Profile and Posts on GETTR,Yes - submitted 19/8,YES - EXISTING PROFILE,STALE,https://gettr.com/register,200,,,,2026-08-23 12:56 UTC
128,forum.epicbrowser.com,https://forum.epicbrowser.com/profile.php?section=personal&id=178818,OK,DIRECT,200,https://forum.epicbrowser.com/profile.php?section=personal&id=178818,footballmaimeagent's profile / Epic Privacy Browser Forums,Yes - submitted 19/8,YES - EXISTING PROFILE,AUTH_REQUIRED,https://forum.epicbrowser.com/register.php,200,Yes,,,2026-08-23 12:56 UTC
129,participa.aytojaen.es,https://participa.aytojaen.es/profiles/footballmaimeagent/activity,OK,DIRECT,200,https://participa.aytojaen.es/profiles/footballmaimeagent/activity,Actividad - Escuela de Participación Ciudadana,Yes - submitted 19/8,YES - EXISTING PROFILE,STALE,https://participa.aytojaen.es/signup,404,,,,2026-08-23 12:56 UTC
130,Skool.Com,https://www.skool.com/@footballmaimeagent-com-3304,OK,DIRECT,200,https://www.skool.com/@footballmaimeagent-com-3304,Footballmaimeagent Com,Yes - submitted 19/8,YES - EXISTING PROFILE,AUTH_REQUIRED,https://www.skool.com/signup?utm_source=skooldotcom&utm_medium=website&utm_content=powered_by_skool&utm_campaign=signup_skool_logo_link,200,Yes,,,2026-08-23 12:56 UTC
131,Bahamaslocal.Com,https://www.bahamaslocal.com/userprofile/1/316130/footballmaimeagent.html,OK,DIRECT,200,https://www.bahamaslocal.com/userprofile/1/316130/footballmaimeagent.html,Bahamas Local : Profile : footballmaimeagent,Yes - submitted 19/8,YES - EXISTING PROFILE,STALE,https://www.bahamaslocal.com/signup,404,,,,2026-08-23 12:56 UTC
132,Codeberg.Org,https://codeberg.org/footballmaimeagent,OK,DIRECT,200,https://codeberg.org/footballmaimeagent,Footballmaimeagent.com - Codeberg.org,Yes - submitted 19/8,YES - EXISTING PROFILE,OPEN,https://join.codeberg.org,200,,,,2026-08-23 12:56 UTC
133,Chordie.Com,https://www.chordie.com/forum/profile.php?id=2631349,OK,DIRECT,200,https://www.chordie.com/forum/profile.php?id=2631349,Chordie Guitar Chords and Lyrics,Yes - submitted 19/8,YES - EXISTING PROFILE,AUTH_REQUIRED,https://www.chordie.com/forum/register.php,200,Yes,,,2026-08-23 12:56 UTC
134,Rapidapi.Com,https://rapidapi.com/user/footballmaimeagent,OK,DIRECT,200,https://rapidapi.com/user/footballmaimeagent,,Yes - submitted 19/8,YES - EXISTING PROFILE,STALE,https://rapidapi.com/signup,200,,,,2026-08-23 12:56 UTC
135,Stackshare.Io,https://stackshare.io/avery.rhodes187295/footballmaimeagent-com,BLOCKED,CLOAK_FAILED,429,https://stackshare.io/avery.rhodes187295/footballmaimeagent-com,Vercel Security Checkpoint,Yes - submitted 19/8,BLOCKED,BLOCKED,https://stackshare.io/signup,429,,Yes,HTTP 429,2026-08-23 12:56 UTC
136,Royalroad.Com,https://www.royalroad.com/profile/1051219,OK,DIRECT,200,https://www.royalroad.com/profile/1051219,footballmaimeagent's Profile | Royal Road,Yes - submitted 19/8,YES - EXISTING PROFILE,STALE,https://www.royalroad.com/signup,404,,,,2026-08-23 12:56 UTC
137,Adpost.Com,https://www.adpost.com/u/footballmaimeagent/,BLOCKED,CLOAK_FAILED,403,https://www.adpost.com/u/footballmaimeagent/,Just a moment...,Yes - submitted 19/8,BLOCKED,BLOCKED,https://www.adpost.com/signup,403,,Yes,just a moment,2026-08-23 12:56 UTC
138,Proko.Com,https://www.proko.com/@footballmaimeagent/activity,OK,DIRECT,200,https://www.proko.com/@footballmaimeagent/activity,Proko - Footballmaimeagent com,Yes - submitted 19/8,YES - EXISTING PROFILE,UNKNOWN,,0,,,,2026-08-23 12:56 UTC
139,Inkbunny.Net,https://inkbunny.net/footballmaimeagent,OK,DIRECT,200,https://inkbunny.net/footballmaimeagent,"footballmaimeagent < Profile | Inkbunny, the Furry Art Community",Yes - submitted 19/8,YES - EXISTING PROFILE,OPEN,https://inkbunny.net/createuser.php,200,,,,2026-08-23 12:56 UTC
140,lifeinsys.com,https://lifeinsys.com/user/footballmaimeagent,UNREACHABLE,DIRECT,0,https://lifeinsys.com/user/footballmaimeagent,,Yes - submitted 19/8,YES - CURRENT ENTRY,OPEN,https://lifeinsys.com/register,200,,Yes,TimeoutError: The read operation timed out,2026-08-23 12:56 UTC
141,Storeinfo.Jp,https://footballmaimeagent.storeinfo.jp/,OK,DIRECT,200,https://footballmaimeagent.storeinfo.jp/,,Yes - submitted 19/8,YES - EXISTING PROFILE,STALE,https://footballmaimeagent.storeinfo.jp/signup,404,,,,2026-08-23 12:56 UTC
142,Openrec.Tv,https://www.mellow-fan.com/user/footballmaimeagent/about,BLOCKED,CLOAK_FAILED,403,https://www.mellow-fan.com/user/footballmaimeagent/about,ERROR: The request could not be satisfied,Yes - submitted 19/8,BLOCKED,BLOCKED,https://www.mellow-fan.com/signup,403,,Yes,HTTP 403,2026-08-23 12:56 UTC
143,sfx.thelazy.net,https://sfx.thelazy.net/users/u/footballmaimeagent/,OK,DIRECT,200,https://sfx.thelazy.net/users/u/footballmaimeagent/,User Footballmaimeagent,Yes - submitted 19/8,YES - EXISTING PROFILE,STALE,https://sfx.thelazy.net/signup,404,,,,2026-08-23 12:56 UTC
144,Makerworld.Com,https://makerworld.com/fr/@fbmaimeagent,BLOCKED,CLOAK_FAILED,403,https://makerworld.com/fr/@fbmaimeagent,Just a moment...,Yes - submitted 19/8,BLOCKED,BLOCKED,https://makerworld.com/signup,403,,Yes,just a moment,2026-08-23 12:56 UTC
145,Fontstruct.Com,https://fontstruct.com/fontstructions/show/2934682/footballmaimeagent-com,OK,DIRECT,200,https://fontstruct.com/fontstructions/show/2934682/footballmaimeagent-com,Footballmaimeagent.com | FontStruct,Yes - submitted 19/8,YES - EXISTING PROFILE,STALE,https://fontstruct.com/signup,404,,,,2026-08-23 12:56 UTC
146,Searchengines.Guru,https://searchengines.guru/ru/users/2250402,OK,DIRECT,200,https://searchengines.guru/ru/users/2250402,Footballmaimeagent com - footballmaimeagent - Профиль вебмастера - Форум об интернет-маркетинге,Yes - submitted 19/8,YES - EXISTING PROFILE,AUTH_REQUIRED,https://searchengines.guru/ru/register,200,Yes,,,2026-08-23 12:56 UTC
147,Spacedesk.Net,https://www.spacedesk.net/support-forum/profile/footballmaimeagent/,OK,DIRECT,200,https://www.spacedesk.net/support-forum/profile/footballmaimeagent/,Profile: Footballmaimeagent com | support | spacedesk by datronicsoft,Yes - submitted 19/8,YES - EXISTING PROFILE,AUTH_REQUIRED,https://www.spacedesk.net/wp-login.php?action=register,200,Yes,,,2026-08-23 12:56 UTC
148,activepages.com.au,https://activepages.com.au/profile/footballmaimeagent,OK,DIRECT,200,https://activepages.com.au/profile/footballmaimeagent,footballmaimeagent - Active Pages,Yes - submitted 19/8,YES - EXISTING PROFILE,AUTH_REQUIRED,https://activepages.com.au/register,200,Yes,,,2026-08-23 12:56 UTC
149,Portfolium.Com,https://portfolium.com/footballmaimeagent,OK,DIRECT,200,https://portfolium.com/footballmaimeagent,Footballmaimeagent Com | Portfolium,Yes - submitted 19/8,YES - EXISTING PROFILE,OPEN,https://www.instructure.com/about/careers,200,,,,2026-08-23 12:56 UTC
150,Halaltrip.Com,https://www.halaltrip.com/user/profile/381878/fbmaimeagent/,OK,DIRECT,200,https://www.halaltrip.com/user/profile/381878/fbmaimeagent/,Follow Footballmaimeagent com on Halaltrip timeline | Halal Trip,Yes - submitted 19/8,YES - EXISTING PROFILE,OPEN,https://www.halaltrip.com/join-the-halaltrip-freelance-community/,200,,,,2026-08-23 12:56 UTC
151,Backloggery.Com,https://backloggery.com/fbmaimeagent,OK,DIRECT,200,https://backloggery.com/fbmaimeagent,Backloggery,Yes - submitted 19/8,YES - EXISTING PROFILE,OPEN,https://backloggery.com/signup,200,,,,2026-08-23 12:56 UTC
152,beteiligung.hafencity.com,https://beteiligung.hafencity.com/profile/footballmaimeagent/,OK,DIRECT,200,https://beteiligung.hafencity.com/profile/footballmaimeagent/,footballmaimeagent — adhocracy+,Yes - submitted 19/8,YES - EXISTING PROFILE,AUTH_REQUIRED,https://beteiligung.hafencity.com/accounts/signup/?next=/profile/footballmaimeagent/,200,Yes,,,2026-08-23 12:56 UTC
153,malt-orden.info,https://malt-orden.info/userinfo.php?uid=474680,OK,DIRECT,200,https://malt-orden.info/userinfo.php?uid=474680,-,Yes - submitted 19/8,YES - EXISTING PROFILE,AUTH_REQUIRED,https://malt-orden.info/register.php,200,Yes,,,2026-08-23 12:56 UTC
154,Aicrowd.Com,https://www.aicrowd.com/participants/fbmaimeagent,DEAD,DIRECT,404,https://www.aicrowd.com/participants/fbmaimeagent,,Yes - submitted 19/8,PAST YES / NOW DEAD,STALE,https://www.aicrowd.com/signup,404,,,HTTP 404,2026-08-23 12:56 UTC
155,Freeimage.Host,https://freeimage.host/fbmaimeagent,OK,DIRECT,200,https://freeimage.host/fbmaimeagent,Footballmaimeagent.com (fbmaimeagent) — Freeimage.host,Yes - submitted 19/8,YES - EXISTING PROFILE,AUTH_REQUIRED,https://freeimage.host/signup,200,Yes,,,2026-08-23 12:56 UTC
156,newdigital-world.com,http://newdigital-world.com/members/footballmaimeagent.html,OK,DIRECT,200,http://newdigital-world.com/members/footballmaimeagent.html,View Profile: footballmaimeagent - Newdigital World,Yes - submitted 19/8,YES - EXISTING PROFILE,AUTH_REQUIRED,http://newdigital-world.com/register.php,200,Yes,,,2026-08-23 12:56 UTC
157,Velog.Io,https://velog.io/@fbmaimeagent/about,OK,DIRECT,200,https://velog.io/@fbmaimeagent/about,fbmaimeagent (Footballmaimeagent.com) / 소개 - velog,Yes - submitted 19/8,YES - EXISTING PROFILE,STALE,https://velog.io/signup,404,,,,2026-08-23 12:56 UTC
158,fanart-central.net,https://www.fanart-central.net/user/footballmaimeagent/profile,BLOCKED,CLOAK_FAILED,401,https://www.fanart-central.net/user/footballmaimeagent/profile,footballmaimeagent's Profile - Fanart Central,Yes - submitted 19/8,BLOCKED,BLOCKED,https://www.fanart-central.net/signup,401,,Yes,HTTP 401,2026-08-23 12:56 UTC
159,Hub.Vroid.Com,https://hub.vroid.com/en/users/128711598,OK,CLOAK,200,https://hub.vroid.com/en/users/128711598,VRoid Hub,Yes - submitted 19/8,YES - EXISTING PROFILE,BLOCKED,https://hub.vroid.com/signup,403,,Yes,,2026-08-23 12:56 UTC
160,Freelance.Ru,https://freelance.ru/footballmaimeagent,OK,DIRECT,200,https://freelance.ru/footballmaimeagent,Footballmaimeagent com - footballmaimeagent,Yes - submitted 19/8,YES - EXISTING PROFILE,OPEN,https://freelance.ru/partners/join/1245,200,,,,2026-08-23 12:56 UTC
161,abclinuxu.cz,https://www.abclinuxu.cz/lide/fbmaimeagent,OK,DIRECT,200,https://www.abclinuxu.cz/lide/fbmaimeagent,Profil - fbmaimeagent,Yes - submitted 19/8,YES - EXISTING PROFILE,AUTH_REQUIRED,https://www.abclinuxu.cz/EditUser;jsessionid=4bgoary2qmlj1klibiawzggv?action=register,200,Yes,,,2026-08-23 12:56 UTC
162,topsitenet.com,https://topsitenet.com/profile/fbmaimeagent/2323520/,OK,DIRECT,200,https://topsitenet.com/profile/fbmaimeagent/2323520/,Footballmaimeagent - Profile,Yes - submitted 19/8,YES - EXISTING PROFILE,AUTH_REQUIRED,https://topsitenet.com/register/,200,Yes,,,2026-08-23 12:56 UTC
163,Askmap.Net,http://www.askmap.net/location/7897404/th%C3%A1i-lan/footballmaimeagent.co,OK,DIRECT,200,http://www.askmap.net/location/7897404/th%C3%A1i-lan/footballmaimeagent.co,"Footballmaimeagent.co, Bangkok, Thái Lan | Local business",Yes - submitted 19/8,YES - EXISTING PROFILE,AUTH_REQUIRED,http://www.askmap.net/register.asp,200,Yes,,,2026-08-23 12:56 UTC
164,Failiem.Lv,https://failiem.lv/footballmaimeagent/info,OK,DIRECT,200,https://failiem.lv/footballmaimeagent/info,footballmaimeagent,Yes - submitted 19/8,YES - EXISTING PROFILE,OPEN,https://failiem.lv/signup,200,,,,2026-08-23 12:56 UTC
165,Blender.Community,https://blender.community/footballmaimeagentcom/,OK,DIRECT,200,https://blender.community/footballmaimeagentcom/,Footballmaimeagent.com - @footballmaimeagentcom — Blender Community,Yes - submitted 19/8,YES - EXISTING PROFILE,STALE,https://blender.community/signup,404,,,,2026-08-23 12:56 UTC
166,Edna.Cz,https://www.edna.cz/uzivatele/footballmaimeagent/,OK,DIRECT,200,https://www.edna.cz/uzivatele/footballmaimeagent/,footballmaimeagent | Edna.cz,Yes - submitted 19/8,YES - EXISTING PROFILE,STALE,https://www.edna.cz/signup,404,,,,2026-08-23 12:56 UTC
167,Japaaan.Com,https://www.japaaan.com/user/117126,OK,DIRECT,200,https://www.japaaan.com/user/117126,Japaaan,Yes - submitted 19/8,YES - EXISTING PROFILE,AUTH_REQUIRED,https://www.japaaan.com/user/register,200,Yes,,,2026-08-23 12:56 UTC
168,iszene.com,https://iszene.com/user-369598.html,OK,DIRECT,200,https://iszene.com/user-369598.html,Apple iPhone Forum und Community - Profil von fbmaimeagent,Yes - submitted 19/8,YES - EXISTING PROFILE,AUTH_REQUIRED,https://iszene.com/member.php?action=register,200,Yes,,,2026-08-23 12:56 UTC
169,estar.jp,https://estar.jp/users/2099089487,OK,DIRECT,200,https://estar.jp/users/2099089487,Footballmaimeagent - 小説投稿エブリスタ,Yes - submitted 19/8,YES - EXISTING PROFILE,OPEN,https://estar.jp/register,200,,,,2026-08-23 12:56 UTC
170,video-bookmark.com,https://www.video-bookmark.com/bookmark/7212838/footballmaimeagent-com/,OK,DIRECT,200,https://www.video-bookmark.com/bookmark/7212838/footballmaimeagent-com/,Footballmaimeagent Com · Bookmark Details,Yes - submitted 19/8,YES - EXISTING PROFILE,AUTH_REQUIRED,https://www.video-bookmark.com/signup.html,200,Yes,,,2026-08-23 12:56 UTC
171,Routinehub.Co,https://routinehub.co/user/footballmaimeagent,OK,DIRECT,200,https://routinehub.co/user/footballmaimeagent,RoutineHub • footballmaimeagent,Yes - submitted 19/8,YES - EXISTING PROFILE,BLOCKED,https://routinehub.link/join-reddit,403,,Yes,,2026-08-23 12:56 UTC
172,Backloggd.Com,https://backloggd.com/u/fbmaimeagent/,OK,DIRECT,200,https://backloggd.com/u/fbmaimeagent/,fbmaimeagent's profile | Backloggd,Yes - submitted 19/8,YES - EXISTING PROFILE,AUTH_REQUIRED,https://backloggd.com/register,200,Yes,,,2026-08-23 12:56 UTC
173,Scener.Com,https://www.scener.com/@fbmaimeagent,OK,DIRECT,200,https://www.scener.com/@fbmaimeagent,Scener - @fbmaimeagent,Yes - submitted 19/8,YES - EXISTING PROFILE,OPEN,https://www.scener.com/register,200,,,,2026-08-23 12:56 UTC
174,Feyenoord.Supporters.Nl,https://feyenoord.supporters.nl/profiel/172627/footballmaimeagent,OK,DIRECT,200,https://feyenoord.supporters.nl/profiel/172627/footballmaimeagent,Profiel - Feyenoord.supporters.nl,Yes - submitted 19/8,YES - EXISTING PROFILE,STALE,https://feyenoord.supporters.nl/signup,404,,,,2026-08-23 12:56 UTC
175,Onlinesequencer.Net,https://onlinesequencer.net/members/303258,OK,DIRECT,200,https://onlinesequencer.net/members/303258,Profile for footballmaimeagent - Online Sequencer,Yes - submitted 19/8,YES - EXISTING PROFILE,OPEN,https://onlinesequencer.net/sign-up,200,,,,2026-08-23 12:56 UTC
176,profile.sampo.ru,https://profile.sampo.ru/footballmaimeagent,OK,DIRECT,200,https://profile.sampo.ru/footballmaimeagent,footballmaimeagent - пользователь системы Вход,Yes - submitted 19/8,YES - EXISTING PROFILE,STALE,https://profile.sampo.ru/signup,404,,,,2026-08-23 12:56 UTC
177,confengine.com,https://confengine.com/user/footballmaimeagent,OK,DIRECT,200,https://confengine.com/user/footballmaimeagent,"Footballmaimeagent com, design, Footballmaimeagent.com, Thailand | ConfEngine - Conference Platform",Yes - submitted 19/8,YES - EXISTING PROFILE,STALE,https://confengine.com/signup,404,,,,2026-08-23 12:56 UTC
178,Maxforlive.Com,https://maxforlive.com/profile/user/footballmaimeagent?tab=about,OK,DIRECT,200,https://maxforlive.com/profile/user/footballmaimeagent?tab=about,User footballmaimeagent on maxforlive.com,Yes - submitted 19/8,YES - EXISTING PROFILE,AUTH_REQUIRED,https://maxforlive.com/login.php,200,Yes,,,2026-08-23 12:56 UTC
179,Novel.Daysneo.Com,https://novel.daysneo.com/author/fbmaimeagent/,BLOCKED,CLOAK_FAILED,403,https://novel.daysneo.com/author/fbmaimeagent/,403 Forbidden,Yes - submitted 19/8,BLOCKED,BLOCKED,https://novel.daysneo.com/signup,403,,Yes,HTTP 403,2026-08-23 12:56 UTC
180,Apptuts.Bio,https://apptuts.bio/footballmaimeage-289871,OK,DIRECT,200,https://apptuts.bio/footballmaimeage-289871,@footballmaimeage-289871 - AppTuts.bio,Yes - submitted 19/8,YES - EXISTING PROFILE,UNKNOWN,,0,,,,2026-08-23 12:56 UTC
181,Dibiz.Com,https://www.dibiz.com/averyrhodes187295,OK,DIRECT,200,https://www.dibiz.com/averyrhodes187295,Footballmaimeagent com,Yes - submitted 19/8,YES - EXISTING PROFILE,AUTH_REQUIRED,https://www.dibiz.com/en/signup,200,Yes,,,2026-08-23 12:56 UTC
182,luvly.co,https://luvly.co/users/footballmaimeagent,OK,DIRECT,200,https://luvly.co/users/footballmaimeagent,Footballmaimeagent com - footballmaimeagent | Luvly,Yes - submitted 19/8,YES - EXISTING PROFILE,OPEN,https://luvly.co/users/registration,200,,,,2026-08-23 12:56 UTC
183,myget.org,https://www.myget.org/users/footballmaimeagent,OK,DIRECT,200,https://www.myget.org/users/footballmaimeagent,Your MyGet.org profile | MyGet,Yes - submitted 19/8,YES - EXISTING PROFILE,AUTH_REQUIRED,https://www.myget.org/Account/Register,200,Yes,,,2026-08-23 12:56 UTC
184,noti.st,https://noti.st/footballmaimeagent,OK,DIRECT,200,https://noti.st/footballmaimeagent,Footballmaimeagent com’s presentations on Notist,Yes - submitted 19/8,YES - EXISTING PROFILE,AUTH_REQUIRED,https://noti.st/register,200,Yes,,,2026-08-23 12:56 UTC
185,Blockdit.Com,https://www.blockdit.com/footballmaimeagent,OK,DIRECT,200,https://www.blockdit.com/footballmaimeagent,Footballmaimeagent.com,Yes - submitted 19/8,YES - EXISTING PROFILE,STALE,https://www.blockdit.com/signup,404,,,,2026-08-23 12:56 UTC
186,Stck.Me,https://footballmaimeagent.stck.me/profile,OK,DIRECT,200,https://footballmaimeagent.stck.me/profile,About Footballmaimeagent.com,Yes - submitted 19/8,YES - EXISTING PROFILE,STALE,https://footballmaimeagent.stck.me/signup,200,,,,2026-08-23 12:56 UTC
187,Transfur.Com,https://www.transfur.com/Users/footballmaimeagent,OK,DIRECT,200,https://www.transfur.com/Users/footballmaimeagent,Footballmaimeagent.com,Yes - submitted 19/8,YES - EXISTING PROFILE,AUTH_REQUIRED,https://www.transfur.com/Account/Register,200,Yes,,,2026-08-23 12:56 UTC
188,Beatsaver.Com,https://beatsaver.com/playlists/1252407,OK,DIRECT,200,https://beatsaver.com/playlists/1252407,BeatSaver.com,Yes - submitted 19/8,YES - EXISTING PROFILE,STALE,https://beatsaver.com/signup,404,,,,2026-08-23 12:56 UTC
189,wibki.com,https://wibki.com/footballmaimeagent,OK,DIRECT,200,https://wibki.com/footballmaimeagent,Wibki,Yes - submitted 19/8,YES - EXISTING PROFILE,OPEN,https://wibki.com/signup,200,,,,2026-08-23 12:56 UTC
190,Devfolio.Co,https://devfolio.co/@footballmaimeag/readme-md,OK,DIRECT,200,https://devfolio.co/@footballmaimeag/readme-md,Footballmaimeagent com | Devfolio,Yes - submitted 19/8,YES - EXISTING PROFILE,OPEN,https://t.me/devfolio,200,,,,2026-08-23 12:56 UTC
191,Bloggportalen.Se,https://www.bloggportalen.se/BlogPortal/view/BlogDetails?id=328725,UNREACHABLE,DIRECT,0,https://www.bloggportalen.se/BlogPortal/view/BlogDetails?id=328725,,Yes - submitted 19/8,YES HISTORICAL / CURRENT UNKNOWN,UNKNOWN,,0,,Yes,URLError: <urlopen error [SSL: CERTIFICATE_VERIFY_FAILED] certificate verify failed: unable to get local issuer certificate (_ssl.c:1000)>,2026-08-23 12:56 UTC
192,France-Ioi.Org,https://www.france-ioi.org/user/perso.php?sLogin=footballmaimeagent,OK,DIRECT,200,https://www.france-ioi.org/user/perso.php?sLogin=footballmaimeagent,France-IOI – Fiche personnalisée : footballmaimeagent,Yes - submitted 19/8,YES - EXISTING PROFILE,STALE,https://www.france-ioi.org/signup,404,,,,2026-08-23 12:56 UTC
193,genina.com,http://www.genina.com/user/editDone/5541528.page,OK,DIRECT,200,http://www.genina.com/user/editDone/5541528.page,genina.com: Forum,Yes - submitted 19/8,YES - EXISTING PROFILE,AUTH_REQUIRED,http://www.genina.com/pages/login/register.jsf;jsessionid=45A3113977B5947556492D00966081CF,200,Yes,,,2026-08-23 12:56 UTC
194,tudomuaban.com,https://tudomuaban.com/chi-tiet-rao-vat/3001840/footballmaimeagent.com.html,OK,DIRECT,200,https://tudomuaban.com/chi-tiet-rao-vat/3001840/footballmaimeagent.com.html,Tự do mua bán - Rao vặt miễn phí - Đăng tin không cần đăng ký - Đăng tin VIP miễn phí,Yes - submitted 19/8,YES - EXISTING PROFILE,STALE,https://tudomuaban.com/signup,404,,,,2026-08-23 12:56 UTC
195,swap-bot.com,https://www.swap-bot.com/user:footballmaimeagent,OK,DIRECT,200,https://www.swap-bot.com/user:footballmaimeagent,footballmaimeagent - Swap-bot,Yes - submitted 19/8,YES - EXISTING PROFILE,AUTH_REQUIRED,https://www.swap-bot.com/account/signup.php,200,Yes,,,2026-08-23 12:56 UTC
196,givey.com,https://www.givey.com/footballmaimeagent,OK,DIRECT,200,https://www.givey.com/footballmaimeagent,Footballmaimeagent com - Online Social Fundraising Donation Platform | Givey,Yes - submitted 19/8,YES - EXISTING PROFILE,BLOCKED,https://www.givey.com/signup,403,,Yes,,2026-08-23 12:56 UTC
197,My.Bio,https://my.bio/footballmaimeagent,OK,DIRECT,200,https://my.bio/footballmaimeagent,Footballmaimeagent.com's links,Yes - submitted 19/8,YES - EXISTING PROFILE,OPEN,https://allmylinks.com/,200,,,,2026-08-23 12:56 UTC
198,Tooter.In,https://tooter.in/footballmaimeagent,OK,DIRECT,200,https://tooter.in/footballmaimeagent,Footballmaimeagent.com (@footballmaimeagent) • tooter.in - Tooter,Yes - submitted 19/8,YES - EXISTING PROFILE,OPEN,https://tooter.in/signup,200,,,,2026-08-23 12:56 UTC
199,notebook.ai,https://www.notebook.ai/@footballmaimeagent,BLOCKED,CLOAK_FAILED,403,https://www.notebook.ai/@footballmaimeagent,Just a moment...,Yes - submitted 19/8,BLOCKED,BLOCKED,https://www.notebook.ai/signup,403,,Yes,just a moment,2026-08-23 12:56 UTC
200,illust.daysneo.com,https://illust.daysneo.com/illustrator/fbmaimeagent/,BLOCKED,CLOAK_FAILED,403,https://illust.daysneo.com/illustrator/fbmaimeagent/,403 Forbidden,Yes - submitted 19/8,BLOCKED,BLOCKED,https://illust.daysneo.com/signup,403,,Yes,HTTP 403,2026-08-23 12:56 UTC
201,biblesupport.com,http://www.biblesupport.com/user/882936-footballmaimeagent/,OK,DIRECT,200,http://www.biblesupport.com/user/882936-footballmaimeagent/,footballmaimeagent - Viewing Profile - Bible Support,Yes - submitted 19/8,YES - EXISTING PROFILE,AUTH_REQUIRED,http://www.biblesupport.com/index.php?app=core&module=global&section=register,200,Yes,,,2026-08-23 12:56 UTC
202,shippingexplorer.net,https://www.shippingexplorer.net/en/user/footballmaimeagent/331060,OK,DIRECT,200,https://www.shippingexplorer.net/en/user/footballmaimeagent/331060,ShippingExplorer - footballmaimeagent,Yes - submitted 19/8,YES - EXISTING PROFILE,AUTH_REQUIRED,https://www.shippingexplorer.net/en/register,200,Yes,,,2026-08-23 12:56 UTC
203,Ofuse.Me,https://ofuse.me/footballmaimeagent,BLOCKED,CLOAK_FAILED,429,https://ofuse.me/footballmaimeagent,Vercel Security Checkpoint,Yes - submitted 19/8,BLOCKED,BLOCKED,https://ofuse.me/signup,429,,Yes,HTTP 429,2026-08-23 12:56 UTC
204,Ganjingworld.Com,https://www.ganjingworld.com/@footballmaimeagent,DEAD,DIRECT,404,https://www.ganjingworld.com/@footballmaimeagent,Gan Jing World - Technology for Humanity | Video & Movie Streaming,Yes - submitted 19/8,PAST YES / NOW DEAD,STALE,https://www.ganjingworld.com/signup,200,,,HTTP 404,2026-08-23 12:56 UTC
205,Grepmed.Com,https://www.grepmed.com/footballmaimeagent,SERVER_ERROR,DIRECT,504,https://www.grepmed.com/footballmaimeagent,,Yes - submitted 19/8,YES - CURRENT ENTRY,AUTH_REQUIRED,https://www.grepmed.com/signup,200,Yes,,HTTP 504,2026-08-23 12:56 UTC
206,Viblo.Asia,https://viblo.asia/u/footballmaimeagent/contact,OK,DIRECT,200,https://viblo.asia/u/footballmaimeagent/contact,Footballmaimeagent com - Viblo,Yes - submitted 19/8,YES - EXISTING PROFILE,AUTH_REQUIRED,https://accounts.viblo.asia/register,200,Yes,,,2026-08-23 12:56 UTC
207,Cv.Viblo.Asia,https://cv.viblo.asia/preview-cv/e6c595c6-cbe4-4a14-b232-c6b670ccc390,OK,DIRECT,200,https://cv.viblo.asia/preview-cv/e6c595c6-cbe4-4a14-b232-c6b670ccc390,Viblo CV,Yes - submitted 19/8,YES - EXISTING PROFILE,STALE,https://cv.viblo.asia/signup,200,,,,2026-08-23 12:56 UTC
208,Espritgames.Com,https://espritgames.com/members/52418412/,OK,DIRECT,200,https://espritgames.com/members/52418412/,52418412 | Esprit Games | Page 52418412,Yes - submitted 19/8,YES - EXISTING PROFILE,STALE,https://espritgames.com/signup,404,,,,2026-08-23 12:56 UTC
209,Matkafasi.Com,https://matkafasi.com/user/footballmaimeagent,OK,DIRECT,200,https://matkafasi.com/user/footballmaimeagent,Kullanıcı: footballmaimeagent - Matematik Kafası,Yes - submitted 19/8,YES - EXISTING PROFILE,AUTH_REQUIRED,https://matkafasi.com/register?to=user%2Ffootballmaimeagent,200,Yes,,,2026-08-23 12:56 UTC
210,Cofacts.Tw,https://cofacts.tw/user/footballmaimeagent,BLOCKED,CLOAK_FAILED,403,https://cofacts.tw/user/footballmaimeagent,Just a moment...,Yes - submitted 19/8,BLOCKED,BLOCKED,https://cofacts.tw/signup,403,,Yes,just a moment,2026-08-23 12:56 UTC
211,Adslgr.Com,https://www.adslgr.com/forum/members/226294-footballmaimeagent,BLOCKED,CLOAK_FAILED,403,https://www.adslgr.com/forum/members/226294-footballmaimeagent,Just a moment...,Yes - submitted 19/8,BLOCKED,BLOCKED,https://www.adslgr.com/signup,403,,Yes,just a moment,2026-08-23 12:56 UTC
212,freestyler.ws,http://freestyler.ws/user/690551/footballmaimeagent,OK,DIRECT,200,http://freestyler.ws/user/690551/footballmaimeagent,Show Profile: footballmaimeagent styles - FreeStyler.WS,Yes - submitted 19/8,YES - EXISTING PROFILE,AUTH_REQUIRED,http://freestyler.ws/signup,200,Yes,,,2026-08-23 12:56 UTC
213,tealfeed.com,https://tealfeed.com/footballmaimeagent,OK,DIRECT,200,https://tealfeed.com/footballmaimeagent,,Yes - submitted 19/8,YES - EXISTING PROFILE,OPEN,https://tealfeed.com/signup,200,,,,2026-08-23 12:56 UTC
214,bandori.party,https://bandori.party/user/1562283/footballmaimeagent/,OK,DIRECT,200,https://bandori.party/user/1562283/footballmaimeagent/,footballmaimeagent | Players list | Bandori Party - BanG Dream! Girls Band Party,Yes - submitted 19/8,YES - EXISTING PROFILE,AUTH_REQUIRED,https://bandori.party/signup/,200,Yes,,,2026-08-23 12:56 UTC
215,ja.cofacts.tw,https://ja.cofacts.tw/user/footballmaimeagent,BLOCKED,CLOAK_FAILED,403,https://ja.cofacts.tw/user/footballmaimeagent,Just a moment...,Yes - submitted 19/8,BLOCKED,BLOCKED,https://ja.cofacts.tw/signup,403,,Yes,just a moment,2026-08-23 12:56 UTC
216,linqto.me,https://www.linqto.me/about/footballmaimeagent,OK,DIRECT,200,https://www.linqto.me/about/footballmaimeagent,LinqTo.me : Footballmaimeagent com,Yes - submitted 19/8,YES - EXISTING PROFILE,OPEN,https://www.linqto.me/WhyJoin/WhyJoin.aspx,200,,,,2026-08-23 12:56 UTC
217,Runtrip.Jp,https://runtrip.jp/users/828539,BLOCKED,CLOAK_FAILED,429,https://runtrip.jp/users/828539,Vercel Security Checkpoint,Yes - submitted 19/8,BLOCKED,BLOCKED,https://runtrip.jp/signup,429,,Yes,HTTP 429,2026-08-23 12:56 UTC
218,linkmix.co,https://linkmix.co/58719908,OK,DIRECT,200,https://linkmix.co/58719908,Footballmaimeagent.com,Yes - submitted 19/8,YES - EXISTING PROFILE,STALE,https://linkmix.co/signup,404,,,,2026-08-23 12:56 UTC
219,Freeicons.Io,https://freeicons.io/profile/971255,BLOCKED,CLOAK_FAILED,403,https://freeicons.io/profile/971255,Just a moment...,Yes - submitted 19/8,BLOCKED,BLOCKED,https://freeicons.io/signup,403,,Yes,just a moment,2026-08-23 12:56 UTC
220,beteiligung.stadtlindau.de,https://beteiligung.stadtlindau.de/profile/footballmaimeagent/,OK,DIRECT,200,https://beteiligung.stadtlindau.de/profile/footballmaimeagent/,footballmaimeagent — adhocracy+,Yes - submitted 19/8,YES - EXISTING PROFILE,AUTH_REQUIRED,https://beteiligung.stadtlindau.de/accounts/signup/?next=/profile/footballmaimeagent/,200,Yes,,,2026-08-23 12:56 UTC
221,safechat.com,https://safechat.com/u/footballmaimeagent.com,OK,DIRECT,200,https://safechat.com/u/footballmaimeagent.com,SafeChat,Yes - submitted 19/8,YES - EXISTING PROFILE,OPEN,https://safechat.com/register,200,,,,2026-08-23 12:56 UTC
222,doselect.com,https://doselect.com/@a572b6b52d3ae16b422d299b5,OK,DIRECT,200,https://doselect.com/@a572b6b52d3ae16b422d299b5,Footballmaimeagent com - Developer Profile on DoSelect,Yes - submitted 19/8,YES - EXISTING PROFILE,AUTH_REQUIRED,https://doselect.com/signup,200,Yes,,,2026-08-23 12:56 UTC
