63	Tumblr.Com	https://www.tumblr.com/footballmaimeagent	OK	DIRECT	YES - EXISTING PROFILE	STALE	https://www.tumblr.com/signup				2026-08-23 12:56 UTC
64	Heylink.Me	https://heylink.me/footballmaimeagent/	OK	DIRECT	YES - EXISTING PROFILE	BLOCKED	https://heylink.me/signup/?lng=en_US		Yes		2026-08-23 12:56 UTC
65	Muckrack.Com	https://muckrack.com/footballmaimeagent-com/bio	OK	CLOAK	YES - EXISTING PROFILE	BLOCKED	https://muckrack.com/signup		Yes		2026-08-23 12:56 UTC
66	Symbaloo.Com	https://www.symbaloo.com/shared/AAAABxKMwqQAA42AShdBag==	OK	DIRECT	YES - EXISTING PROFILE	OPEN	https://www.symbaloo.com/signup				2026-08-23 12:56 UTC
67	Devpost.Com	https://devpost.com/footballmaimeagent	OK	DIRECT	YES - EXISTING PROFILE	AUTH_REQUIRED	https://secure.devpost.com/users/register?ref_content=signup_global_nav&ref_feature=signup&ref_medium=button	Yes			2026-08-23 12:56 UTC
68	Bio.Site	https://bio.site/footballmaimeagent	OK	DIRECT	YES - EXISTING PROFILE	OPEN	https://biosites.com/editor				2026-08-23 12:56 UTC
69	Audiomack.Com	https://audiomack.com/footballmaimeagent	OK	DIRECT	YES - EXISTING PROFILE	OPEN	https://audiomack.com/signup				2026-08-23 12:56 UTC
70	App.Readthedocs.Org	https://app.readthedocs.org/profiles/footballmaimeagent/	OK	DIRECT	YES - EXISTING PROFILE	BLOCKED	https://app.readthedocs.org/accounts/signup/		Yes		2026-08-23 12:56 UTC
71	Gta5-Mods.Com	https://www.gta5-mods.com/users/footballmaimeagent	OK	DIRECT	YES - EXISTING PROFILE	AUTH_REQUIRED	https://www.gta5-mods.com/register?r=/users/footballmaimeagent	Yes			2026-08-23 12:56 UTC
72	Magcloud.Com	https://www.magcloud.com/user/footballmaimeagent	OK	DIRECT	YES - EXISTING PROFILE	AUTH_REQUIRED	https://www.magcloud.com/signup	Yes			2026-08-23 12:56 UTC
73	Mez.Ink	https://mez.ink/footballmaimeagent	OK	DIRECT	YES - EXISTING PROFILE	OPEN	https://mez.ink/signup				2026-08-23 12:56 UTC
74	Lynk.Id	https://lynk.id/footballmaimeagent	OK	DIRECT	YES - EXISTING PROFILE	AUTH_REQUIRED	https://lynk.id/register	Yes			2026-08-23 12:56 UTC
75	Weddingbee.Com	https://www.weddingbee.com/members/footballmaimeagent/	OK	DIRECT	YES - EXISTING PROFILE	AUTH_REQUIRED	https://www.weddingbee.com/register/	Yes			2026-08-23 12:56 UTC
76	Elephantjournal.Com	https://www.elephantjournal.com/profile/footballmaimeagent/	OK	DIRECT	YES - EXISTING PROFILE	AUTH_REQUIRED	https://www.elephantjournal.com/ele-login/?action=register	Yes			2026-08-23 12:56 UTC
77	stes.tyc.edu.tw	http://www.stes.tyc.edu.tw/xoops/modules/profile/userinfo.php?uid=4031899	OK	DIRECT	YES - EXISTING PROFILE	AUTH_REQUIRED	http://www.stes.tyc.edu.tw/xoops/register.php	Yes			2026-08-23 12:56 UTC
78	Sites.Google.Com	https://sites.google.com/view/footballmaimeagent/	OK	DIRECT	YES - EXISTING PROFILE	STALE	https://sites.google.com/signup				2026-08-23 12:56 UTC
79	Wordpress.Com	https://footballmaimeagent.wordpress.com/	OK	DIRECT	YES - EXISTING PROFILE	BLOCKED	https://wordpress.com/log-in?redirect_to=https%3A%2F%2Ffootballmaimeagent.wordpress.com%2F2026%2F08%2F18%2Fhello-world%2F&signup_flow=account		Yes		2026-08-23 12:56 UTC
80	Mystrikingly.Com	https://footballmaimeagent.mystrikingly.com/	OK	DIRECT	YES - EXISTING PROFILE	STALE	https://footballmaimeagent.mystrikingly.com/signup				2026-08-23 12:56 UTC
81	Mypixieset.Com	https://footballmaimeagent.mypixieset.com/	OK	DIRECT	YES - EXISTING PROFILE	STALE	https://footballmaimeagent.mypixieset.com/signup				2026-08-23 12:56 UTC
82	profile.hatena.ne.jp	https://profile.hatena.ne.jp/footballmaimeagent/profile	OK	DIRECT	YES - EXISTING PROFILE	AUTH_REQUIRED	https://www.hatena.ne.jp/register?location=https%3A%2F%2Fprofile.hatena.ne.jp%3A443%2Ffootballmaimeagent%2Fprofile&via=201020	Yes			2026-08-23 12:56 UTC
83	site123.me	https://6a83f9564d481.site123.me/	OK	DIRECT	YES - EXISTING PROFILE	UNKNOWN					2026-08-23 12:56 UTC
84	community.cloudera.com	https://community.cloudera.com/t5/user/viewprofilepage/user-id/169113	BLOCKED	CLOAK_FAILED	BLOCKED	BLOCKED	https://community.cloudera.com/signup		Yes	just a moment	2026-08-23 12:56 UTC
85	Allmylinks.Com	https://allmylinks.com/footballmaimeagent	OK	DIRECT	YES - EXISTING PROFILE	OPEN	https://allmylinks.com/				2026-08-23 12:56 UTC
86	Gifyu.Com	https://gifyu.com/fbmaimeagent	OK	DIRECT	YES - EXISTING PROFILE	AUTH_REQUIRED	https://gifyu.com/signup	Yes			2026-08-23 12:56 UTC
87	Profiles.Xero.Com	https://profiles.xero.com/people/footballmaimeagent	OK	DIRECT	YES - EXISTING PROFILE	STALE	https://profiles.xero.com/signup				2026-08-23 12:56 UTC
88	Walkscore.Com	https://www.walkscore.com/people/224924043016/footballmaimeagent-com	OK	DIRECT	YES - EXISTING PROFILE	STALE	https://www.walkscore.com/signup				2026-08-23 12:56 UTC
89	Wallhaven.Cc	https://wallhaven.cc/user/fbmaimeagent	OK	DIRECT	YES - EXISTING PROFILE	BLOCKED	https://wallhaven.cc/join		Yes		2026-08-23 12:56 UTC
90	Speedrun.Com	https://www.speedrun.com/users/footballmaimeagent	OK	CLOAK	YES - EXISTING PROFILE	BLOCKED	https://www.speedrun.com/signup		Yes		2026-08-23 12:56 UTC
91	Warriorforum.Com	https://www.warriorforum.com/members/footballmaimeagent.html	OK	DIRECT	YES - EXISTING PROFILE	AUTH_REQUIRED	https://www.warriorforum.com/signup	Yes			2026-08-23 12:56 UTC
92	Joy.Link	https://joy.link/footballmaimeagent	OK	DIRECT	YES - EXISTING PROFILE	OPEN	https://joy.link/signup				2026-08-23 12:56 UTC
93	Users.Atw.Hu	http://users.atw.hu/nlw/profile.php?mode=viewprofile&u=38581	OK	DIRECT	YES - EXISTING PROFILE	AUTH_REQUIRED	http://users.atw.hu/nlw/profile.php?mode=register&sid=66b2d47ad3f1f9b0274bf898b908df69	Yes			2026-08-23 12:56 UTC
94	Giveawayoftheday.Com	https://www.giveawayoftheday.com/forums/profile/2074905	OK	DIRECT	YES - EXISTING PROFILE	AUTH_REQUIRED	https://www.giveawayoftheday.com/forums/register.php	Yes			2026-08-23 12:56 UTC
95	pozible.com	https://www.pozible.com/profile/footballmaimeagentcom	OK	DIRECT	YES - EXISTING PROFILE	UNKNOWN					2026-08-23 12:56 UTC
96	Stocktwits.Com	https://stocktwits.com/footballmaimeagent	OK	CLOAK	YES - EXISTING PROFILE	OPEN	https://stocktwits.com/signup				2026-08-23 12:56 UTC
97	amebaownd.com	https://footballmaimeagent.amebaownd.com/	OK	DIRECT	YES - EXISTING PROFILE	STALE	https://footballmaimeagent.amebaownd.com/signup				2026-08-23 12:56 UTC
98	Myminifactory.Com	https://www.myminifactory.com/users/footballmaimeagent	OK	DIRECT	YES - EXISTING PROFILE	OPEN	https://www.myminifactory.com/register				2026-08-23 12:56 UTC
99	Potofu.Me	https://potofu.me/footballmaimeagent	BLOCKED	CLOAK_FAILED	BLOCKED	BLOCKED	https://potofu.me/signup		Yes	HTTP 429	2026-08-23 12:56 UTC
100	Pinshape.Com	https://pinshape.com/users/9040861-footballmaimeagent	OK	DIRECT	YES - EXISTING PROFILE	AUTH_REQUIRED	https://pinshape.com/auth/register	Yes			2026-08-23 12:56 UTC
101	Allmy.Bio	https://allmy.bio/footballmaimeagent	OK	DIRECT	YES - EXISTING PROFILE	AUTH_REQUIRED	https://onlylinks.com/register?o=22	Yes			2026-08-23 12:56 UTC
102	skypixel.com	https://www.skypixel.com/users/djiuser-5kgx4koihm5m	OK	DIRECT	YES - EXISTING PROFILE	OPEN	https://www.skypixel.com/signup				2026-08-23 12:56 UTC
103	Talkshoe.Com	https://app.talkshoe.com/user/footballmaimeagent	OK	DIRECT	YES - EXISTING PROFILE	STALE	https://app.talkshoe.com/signup				2026-08-23 12:56 UTC
104	biolinky.co	https://biolinky.co/footballmaimeagent	OK	DIRECT	YES - EXISTING PROFILE	AUTH_REQUIRED	https://biolinky.co/signup	Yes			2026-08-23 12:56 UTC
105	digiphoto.techbang.com	https://digiphoto.techbang.com/users/footballmaimeagent	OK	DIRECT	YES - EXISTING PROFILE	AUTH_REQUIRED	https://i.techbang.com/signup?return_to=https%3A%2F%2Fdigiphoto.techbang.com%2Fusers%2Ffootballmaimeagent	Yes			2026-08-23 12:56 UTC
106	Anyflip.Com	https://anyflip.com/homepage/lkoco#About	BLOCKED	CLOAK_FAILED	BLOCKED	BLOCKED	https://anyflip.com/signup.php		Yes	just a moment	2026-08-23 12:56 UTC
107	Lit.Link	https://lit.link/en/footballmaimeagent	OK	DIRECT	YES - EXISTING PROFILE	STALE	https://lit.link/signup				2026-08-23 12:56 UTC
108	Leetcode.Com	https://leetcode.com/u/footballmaimeagent/	BLOCKED	CLOAK_FAILED	BLOCKED	BLOCKED	https://leetcode.com/signup		Yes	just a moment	2026-08-23 12:56 UTC
109	Experiment.Com	https://experiment.com/users/footballmaimeagent	OK	DIRECT	YES - EXISTING PROFILE	AUTH_REQUIRED	https://experiment.com/register	Yes			2026-08-23 12:56 UTC
110	Booklog.Jp	https://booklog.jp/users/fbmaimeagent/profile	OK	DIRECT	YES - EXISTING PROFILE	OPEN	https://booklog.jp/signup				2026-08-23 12:56 UTC
111	Renderosity.Com	https://www.renderosity.com/users/id:1892528	OK	DIRECT	YES - EXISTING PROFILE	AUTH_REQUIRED	https://www.renderosity.com/register	Yes			2026-08-23 12:56 UTC
112	Beamng.Com	https://www.beamng.com/members/footballmaimeagent-com.823657/	OK	DIRECT	YES - EXISTING PROFILE	STALE	https://www.beamng.com/members/footballmaimeagent-com.823657/register/				2026-08-23 12:56 UTC
